family,set,aligner,n_seqs,n_cols,n_res,rf_full_ref,cols_removed,res_removed_colmask,rf_col_ref,rf_col_full,rf_resm_ref,rf_resm_full,res_below,rf_resb_ref,rf_resb_full,gappy_cols_removed,rf_gappy_ref,rf_gappy_full,rf_rcol_ref,rf_rcol_full,rf_rres_ref,rf_rres_full
BB11001,RV11,mafft,4,99,345,0.0,34,91,0.0,0.0,1.0,1.0,100,1.0,1.0,11,0.0,0.0,0.0,0.0,0.0,0.0
BB11002,RV11,mafft,8,289,784,0.8,272,663,0.8,0.4,,,446,1.0,1.0,0,0.8,0.0,1.0,1.0,0.9333,1.0
BB11003,RV11,mafft,4,589,1880,1.0,383,1100,1.0,1.0,0.0,1.0,968,0.0,1.0,92,1.0,0.0,1.0,0.3333,1.0,0.3333
BB11004,RV11,mafft,4,584,1684,0.0,456,1211,0.0,0.0,1.0,1.0,1066,0.0,0.0,149,0.0,0.0,0.0,0.0,0.6667,0.6667
BB11005,RV11,mafft,14,615,5582,0.3636,600,5484,1.0,1.0,,,5197,0.9091,0.9091,256,0.2727,0.0909,0.7879,0.8788,0.9697,1.0
BB11006,RV11,mafft,8,409,1958,0.2,371,1781,0.8,0.8,0.6,0.6,1653,0.8,0.8,68,0.2,0.0,0.4667,0.4667,0.6667,0.8
BB11007,RV11,mafft,9,527,3765,0.5,366,2505,0.5,0.0,0.8333,0.6667,2342,0.8333,0.6667,116,0.6667,0.6667,0.7778,0.5,0.8333,0.8333
BB11008,RV11,mafft,4,571,1220,0.0,505,1068,1.0,1.0,0.0,0.0,914,1.0,1.0,122,0.0,0.0,0.0,0.0,1.0,1.0
BB11009,RV11,mafft,4,444,864,0.0,251,418,1.0,1.0,1.0,1.0,275,1.0,1.0,140,0.0,0.0,0.3333,0.3333,1.0,1.0
BB11010,RV11,mafft,4,607,1966,0.0,424,1329,1.0,1.0,0.0,0.0,1163,1.0,1.0,75,0.0,0.0,0.0,0.0,0.0,0.0
BB11011,RV11,mafft,5,300,1005,0.5,297,995,,,,,925,,,150,0.5,0.0,,,,
BB11012,RV11,mafft,4,414,1456,0.0,100,256,0.0,0.0,1.0,1.0,246,1.0,1.0,32,0.0,0.0,0.0,0.0,0.3333,0.3333
BB11013,RV11,mafft,5,131,358,1.0,117,330,,,0.5,1.0,295,0.5,1.0,35,1.0,0.0,1.0,0.6667,0.6667,0.8333
BB11014,RV11,mafft,6,676,3237,0.0,366,1460,0.0,0.0,0.3333,0.3333,1275,0.3333,0.3333,187,0.0,0.0,0.3333,0.3333,0.7778,0.7778
BB11015,RV11,mafft,4,357,1234,0.0,211,673,0.0,0.0,0.0,0.0,596,0.0,0.0,46,0.0,0.0,0.3333,0.3333,0.3333,0.3333
BB11016,RV11,mafft,8,1015,3764,0.4,969,3459,1.0,1.0,1.0,1.0,2720,1.0,1.0,432,0.4,0.0,0.9333,0.9333,0.9333,0.9333
BB11017,RV11,mafft,4,303,1011,1.0,144,403,1.0,0.0,1.0,0.0,353,1.0,0.0,43,1.0,0.0,0.6667,0.3333,1.0,0.0
BB11018,RV11,mafft,14,1244,7671,0.5455,1137,6480,1.0,0.9091,0.9091,0.9091,5861,0.8182,0.9091,313,0.5455,0.0,0.9091,0.9394,0.9697,1.0
BB11019,RV11,mafft,10,487,3484,0.1429,379,2578,0.5714,0.4286,0.8571,0.8571,2417,0.7143,0.7143,190,0.2857,0.1429,0.7619,0.7143,0.8095,0.8095
BB11020,RV11,mafft,9,296,1973,0.6667,238,1516,0.6667,0.5,0.8333,0.8333,1391,0.6667,0.5,84,0.6667,0.0,0.6667,0.3333,1.0,0.8889
BB11021,RV11,mafft,4,176,469,0.0,143,344,0.0,0.0,0.0,0.0,271,0.0,0.0,57,0.0,0.0,0.3333,0.3333,0.0,0.0
BB11022,RV11,mafft,4,227,472,0.0,220,455,,,,,374,1.0,1.0,81,0.0,0.0,,,0.3333,0.3333
BB11023,RV11,mafft,7,470,2169,0.25,448,2053,0.5,0.5,1.0,1.0,1963,0.75,0.5,200,0.5,0.5,0.9167,0.8333,0.8333,0.9167
BB11024,RV11,mafft,4,657,1628,1.0,611,1496,0.0,1.0,1.0,0.0,1211,1.0,1.0,220,1.0,0.0,1.0,0.6667,1.0,0.3333
BB11025,RV11,mafft,4,115,331,1.0,109,317,,,,,289,1.0,0.0,14,1.0,0.0,,,1.0,0.6667
BB11026,RV11,mafft,7,921,1680,1.0,913,1644,,,,,1036,,,0,1.0,0.0,,,1.0,1.0
BB11027,RV11,mafft,7,476,1628,0.0,440,1455,0.25,0.25,,,1231,0.25,0.25,201,0.0,0.0,0.25,0.25,0.5833,0.5833
BB11028,RV11,mafft,10,274,1588,0.7143,261,1520,0.8571,1.0,,,1357,,,77,0.7143,0.0,0.9524,0.9524,0.8571,1.0
BB11029,RV11,mafft,4,150,408,0.0,117,301,1.0,1.0,1.0,1.0,258,1.0,1.0,39,0.0,0.0,0.6667,0.6667,0.6667,0.6667
BB11030,RV11,mafft,14,524,4085,0.7273,511,3927,1.0,1.0,,,3720,1.0,0.9091,219,0.7273,0.0,0.9394,0.9697,0.9091,0.9394
BB11031,RV11,mafft,11,878,4139,0.5,856,4078,0.875,1.0,,,3567,0.875,0.75,317,0.5,0.0,0.9167,0.9167,1.0,1.0
BB11032,RV11,mafft,8,589,2358,0.6,524,1906,0.2,0.8,0.6,1.0,1643,0.6,1.0,198,0.6,0.0,1.0,0.9333,1.0,0.9333
BB11033,RV11,mafft,11,453,1664,0.5,449,1654,,,,,1269,,,0,0.5,0.0,,,,
BB11034,RV11,mafft,8,1024,3933,0.8,972,3600,0.8,1.0,1.0,1.0,2781,1.0,1.0,436,0.8,0.0,0.8,0.6,1.0,0.9333
BB11035,RV11,mafft,5,153,487,0.0,118,362,0.5,0.5,0.5,0.5,301,0.5,0.5,75,0.5,0.5,0.5,0.5,0.6667,0.6667
BB11036,RV11,mafft,8,587,2960,1.0,549,2695,1.0,1.0,0.8,1.0,2403,1.0,1.0,129,1.0,0.0,1.0,0.6,0.9333,0.9333
BB11037,RV11,mafft,5,1242,2617,1.0,1197,2405,0.0,1.0,,,1552,0.0,1.0,0,1.0,0.0,1.0,0.6667,0.5,0.6667
BB11038,RV11,mafft,8,761,2914,0.2,649,2084,0.6,0.6,1.0,0.8,1751,0.8,0.8,240,0.2,0.0,0.8,0.8667,0.9333,0.8667
BBS11001,RV11,mafft,4,85,306,0.0,12,36,0.0,0.0,0.0,0.0,38,0.0,0.0,4,0.0,0.0,0.0,0.0,0.6667,0.6667
BBS11002,RV11,mafft,8,84,484,0.8,42,158,0.8,0.4,0.6,0.8,147,0.6,0.8,14,0.8,0.0,0.8667,0.4667,0.8667,0.8667
BBS11003,RV11,mafft,4,484,1731,1.0,178,593,0.0,1.0,0.0,1.0,601,0.0,1.0,30,1.0,0.0,0.3333,0.6667,1.0,0.0
BBS11004,RV11,mafft,4,520,1527,1.0,391,1039,0.0,1.0,0.0,1.0,851,0.0,1.0,134,1.0,0.0,0.6667,0.3333,0.3333,0.6667
BBS11005,RV11,mafft,14,502,4664,0.2727,474,4326,0.8182,0.8182,1.0,1.0,4096,1.0,1.0,197,0.2727,0.0,0.9091,0.8788,0.9697,0.9697
BBS11006,RV11,mafft,8,363,1647,0.2,332,1491,0.8,0.8,0.6,0.6,1313,0.4,0.4,75,0.2,0.0,0.8,0.7333,0.8,0.8667
BBS11007,RV11,mafft,9,490,3548,0.8333,313,2182,0.5,0.8333,0.8333,0.8333,2002,0.6667,0.6667,106,0.8333,0.0,0.6667,0.7778,0.8333,0.8889
BBS11008,RV11,mafft,4,131,438,0.0,69,225,0.0,0.0,0.0,0.0,199,0.0,0.0,6,0.0,0.0,0.0,0.0,0.3333,0.3333
BBS11009,RV11,mafft,4,104,364,0.0,21,36,0.0,0.0,0.0,0.0,46,0.0,0.0,16,0.0,0.0,0.3333,0.3333,0.0,0.0
BBS11010,RV11,mafft,4,246,713,0.0,208,572,0.0,0.0,1.0,1.0,441,0.0,0.0,66,0.0,0.0,0.3333,0.3333,0.6667,0.6667
BBS11011,RV11,mafft,5,256,884,1.0,245,833,1.0,0.5,1.0,0.0,761,1.0,0.5,106,1.0,0.0,0.6667,1.0,1.0,0.6667
BBS11012,RV11,mafft,4,351,1314,0.0,44,126,0.0,0.0,0.0,0.0,150,0.0,0.0,11,0.0,0.0,0.0,0.0,0.0,0.0
BBS11013,RV11,mafft,5,80,263,1.0,72,246,,,0.5,1.0,227,1.0,0.0,10,1.0,0.0,,,0.5,1.0
BBS11014,RV11,mafft,6,584,3059,0.0,231,1009,0.0,0.0,0.0,0.0,957,0.0,0.0,101,0.0,0.0,0.6667,0.6667,0.7778,0.7778
BBS11015,RV11,mafft,4,337,1212,0.0,160,535,0.0,0.0,0.0,0.0,486,0.0,0.0,29,0.0,0.0,0.0,0.0,0.0,0.0
BBS11016,RV11,mafft,8,458,2593,0.6,354,1840,1.0,0.8,0.8,0.6,1670,1.0,1.0,79,0.6,0.0,0.5333,0.7333,0.7333,0.8
BBS11017,RV11,mafft,4,267,938,0.0,107,335,1.0,1.0,1.0,1.0,270,1.0,1.0,23,0.0,0.0,0.3333,0.3333,1.0,1.0
BBS11018,RV11,mafft,14,771,6059,0.6364,660,4794,1.0,0.9091,1.0,1.0,4376,0.8182,0.9091,298,0.5455,0.3636,0.7273,0.7576,0.9697,0.9697
BBS11019,RV11,mafft,10,476,3448,0.1429,360,2417,0.4286,0.4286,0.7143,0.7143,2186,0.2857,0.2857,178,0.1429,0.0,0.619,0.5238,0.8571,0.8571
BBS11020,RV11,mafft,9,264,1831,0.3333,185,1150,0.5,0.6667,0.1667,0.5,1061,0.3333,0.5,65,0.3333,0.0,0.6667,0.6111,0.6667,0.7222
BBS11021,RV11,mafft,4,128,401,0.0,72,182,0.0,0.0,0.0,0.0,175,0.0,0.0,22,0.0,0.0,0.0,0.0,0.0,0.0
BBS11022,RV11,mafft,4,88,246,1.0,74,192,1.0,0.0,1.0,0.0,152,0.0,1.0,22,1.0,0.0,0.6667,0.6667,0.6667,1.0
BBS11023,RV11,mafft,7,373,1876,0.0,318,1567,0.25,0.25,0.25,0.25,1532,1.0,1.0,142,0.0,0.0,0.5,0.5,0.75,0.75
BBS11024,RV11,mafft,4,421,1211,1.0,373,1073,1.0,0.0,1.0,0.0,884,1.0,0.0,87,1.0,0.0,0.6667,1.0,0.3333,1.0
BBS11025,RV11,mafft,4,83,240,1.0,76,218,,,1.0,0.0,195,1.0,1.0,17,1.0,0.0,,,1.0,0.6667
BBS11026,RV11,mafft,7,131,583,1.0,107,462,1.0,0.75,1.0,1.0,355,1.0,1.0,60,1.0,0.0,1.0,0.6667,1.0,0.9167
BBS11027,RV11,mafft,7,273,1370,0.25,240,1188,0.25,0.5,1.0,0.75,1084,0.25,0.5,91,0.25,0.25,0.3333,0.4167,0.6667,0.5833
BBS11028,RV11,mafft,10,115,892,0.5714,69,453,0.7143,0.4286,1.0,1.0,429,1.0,1.0,34,0.5714,0.0,0.7143,0.8095,0.8095,0.7619
BBS11029,RV11,mafft,4,117,366,0.0,75,222,1.0,1.0,1.0,1.0,210,1.0,1.0,16,0.0,0.0,0.3333,0.3333,0.3333,0.3333
BBS11030,RV11,mafft,14,283,2579,0.4545,262,2285,0.9091,0.9091,0.8182,0.9091,2016,0.7273,0.7273,113,0.5455,0.2727,0.9697,0.9394,0.9697,0.9697
BBS11031,RV11,mafft,11,558,3451,0.375,542,3282,0.875,0.75,1.0,1.0,2958,0.875,0.875,215,0.375,0.0,1.0,1.0,0.9583,0.9167
BBS11032,RV11,mafft,8,291,1834,0.8,191,1091,0.6,0.8,0.4,0.6,979,0.4,0.6,34,0.8,0.0,0.8,0.8667,0.8667,0.6667
BBS11033,RV11,mafft,11,135,1022,0.625,102,691,0.875,0.875,1.0,1.0,690,1.0,1.0,34,0.625,0.0,0.8333,0.875,0.875,0.8333
BBS11034,RV11,mafft,8,466,2694,0.2,357,1953,0.4,0.6,0.8,0.8,1803,0.8,0.8,68,0.2,0.0,0.4,0.3333,0.9333,0.9333
BBS11035,RV11,mafft,5,122,446,0.5,67,240,0.5,0.0,1.0,0.5,210,0.5,0.0,46,0.5,0.0,0.6667,0.3333,0.6667,0.5
BBS11036,RV11,mafft,8,502,2665,0.6,442,2260,1.0,1.0,0.8,0.8,2062,0.8,0.8,117,0.6,0.0,0.7333,0.6667,1.0,1.0
BBS11037,RV11,mafft,5,496,1839,0.0,448,1618,0.0,0.0,1.0,1.0,1484,0.0,0.0,160,0.0,0.0,0.5,0.5,0.8333,0.8333
BBS11038,RV11,mafft,8,365,2145,0.4,213,994,0.4,0.2,0.8,0.6,876,0.4,0.2,51,0.4,0.0,0.6667,0.7333,0.7333,0.6667
BB12001,RV12,mafft,11,639,5041,0.125,325,1868,0.25,0.375,0.125,0.0,1783,0.125,0.0,156,0.125,0.0,0.375,0.375,0.4583,0.375
BB12002,RV12,mafft,6,245,1248,0.0,37,76,0.0,0.0,0.0,0.0,152,0.0,0.0,38,0.0,0.0,0.1111,0.1111,0.0,0.0
BB12003,RV12,mafft,8,92,570,0.4,6,46,0.2,0.2,0.2,0.2,47,0.2,0.2,6,0.4,0.0,0.4,0.0667,0.4667,0.4
BB12004,RV12,mafft,15,315,3729,0.75,81,418,0.5833,0.4167,0.6667,0.5833,567,0.6667,0.6667,61,0.5833,0.4167,0.6945,0.3055,0.6389,0.4167
BB12005,RV12,mafft,9,273,1881,0.1667,95,370,0.1667,0.0,0.3333,0.1667,367,0.3333,0.1667,74,0.1667,0.0,0.1111,0.0556,0.2222,0.0556
BB12006,RV12,mafft,4,247,928,0.0,38,126,0.0,0.0,0.0,0.0,102,0.0,0.0,7,0.0,0.0,0.0,0.0,0.0,0.0
BB12007,RV12,mafft,8,1272,8164,0.2,398,1646,0.2,0.0,0.0,0.2,1527,0.0,0.2,151,0.2,0.0,0.1333,0.2,0.2,0.1333
BB12008,RV12,mafft,13,730,5678,0.6,315,1192,0.6,0.1,0.5,0.7,1156,0.2,0.8,348,0.6,0.2,0.4667,0.6,0.7,0.5333
BB12009,RV12,mafft,5,258,563,0.5,195,285,1.0,0.5,0.5,0.0,109,0.0,0.5,0,0.5,0.0,0.8333,1.0,1.0,0.8333
BB12010,RV12,mafft,7,452,2438,0.0,133,336,0.0,0.0,0.0,0.0,438,0.0,0.0,126,0.0,0.0,0.0,0.0,0.0,0.0
BB12011,RV12,mafft,12,1410,10429,0.2222,558,3749,0.4444,0.3333,0.2222,0.0,3540,0.5556,0.4444,272,0.3333,0.1111,0.2222,0.2593,0.4445,0.2963
BB12012,RV12,mafft,4,585,1494,0.0,404,835,0.0,0.0,0.0,0.0,592,0.0,0.0,214,0.0,0.0,0.6667,0.6667,0.3333,0.3333
BB12013,RV12,mafft,8,853,5679,0.0,174,463,0.0,0.0,0.0,0.0,505,0.0,0.0,77,0.0,0.0,0.0667,0.0667,0.0,0.0
BB12014,RV12,mafft,9,260,875,0.6667,201,362,0.3333,0.6667,1.0,0.8333,290,0.5,0.6667,108,0.6667,0.0,0.7778,0.7222,0.7778,0.7222
BB12015,RV12,mafft,12,531,2305,0.3333,317,883,0.3333,0.3333,0.3333,0.0,835,0.3333,0.0,244,0.3333,0.0,0.2963,0.3333,0.3703,0.2592
BB12016,RV12,mafft,5,1242,2471,1.0,461,716,1.0,0.0,0.5,1.0,444,0.5,1.0,307,1.0,0.0,0.6667,0.6667,1.0,0.1667
BB12017,RV12,mafft,7,606,3310,0.25,188,511,0.25,0.0,0.25,0.0,538,0.25,0.0,164,0.5,0.5,0.3333,0.1667,0.5833,0.5
BB12018,RV12,mafft,4,991,3335,0.0,292,598,0.0,0.0,0.0,0.0,363,0.0,0.0,165,0.0,0.0,0.0,0.0,0.0,0.0
BB12019,RV12,mafft,5,857,3636,0.0,194,593,0.0,0.0,0.0,0.0,625,0.0,0.0,150,0.0,0.0,0.1667,0.1667,0.3333,0.3333
BB12020,RV12,mafft,4,143,502,0.0,37,99,0.0,0.0,0.0,0.0,88,0.0,0.0,14,0.0,0.0,0.0,0.0,0.0,0.0
BB12021,RV12,mafft,6,93,454,0.6667,26,102,0.6667,0.0,1.0,1.0,80,1.0,1.0,26,0.6667,0.0,0.6667,0.2222,0.5556,0.4445
BB12022,RV12,mafft,5,517,1252,0.0,288,578,0.0,0.0,0.5,0.5,412,0.0,0.0,92,0.0,0.0,0.3333,0.3333,0.1667,0.1667
BB12023,RV12,mafft,5,817,3521,0.0,182,634,0.0,0.0,0.0,0.0,659,0.0,0.0,173,0.0,0.0,0.0,0.0,0.1667,0.1667
BB12024,RV12,mafft,4,286,973,0.0,62,109,0.0,0.0,0.0,0.0,73,0.0,0.0,45,0.0,0.0,0.0,0.0,0.0,0.0
BB12025,RV12,mafft,4,288,808,0.0,165,368,0.0,0.0,0.0,0.0,282,0.0,0.0,67,0.0,0.0,0.0,0.0,0.6667,0.6667
BB12026,RV12,mafft,18,432,4813,0.5333,216,1088,0.5333,0.4,0.6,0.6667,914,0.5333,0.5333,172,0.6,0.4,0.8,0.7556,0.7111,0.6444
BB12027,RV12,mafft,13,669,6118,0.3,215,1087,0.5,0.4,0.3,0.0,1003,0.3,0.0,199,0.5,0.3,0.6333,0.5667,0.5667,0.7
BB12028,RV12,mafft,8,546,2356,0.0,368,1004,0.2,0.2,0.4,0.4,879,0.4,0.4,167,0.0,0.0,0.4667,0.4667,0.4,0.4
BB12029,RV12,mafft,12,577,5339,0.4444,176,1236,0.1111,0.4444,0.1111,0.4444,1152,0.2222,0.4444,86,0.4444,0.0,0.4074,0.2222,0.4074,0.2963
BB12030,RV12,mafft,6,1256,4742,0.0,591,1857,0.0,0.0,0.0,0.0,1718,0.0,0.0,412,0.0,0.0,0.0,0.0,0.1111,0.1111
BB12031,RV12,mafft,10,1142,9192,0.5714,420,2190,0.4286,0.2857,0.2857,0.4286,2048,0.2857,0.4286,310,0.5714,0.0,0.5238,0.2381,0.5714,0.4286
BB12032,RV12,mafft,9,103,595,0.1667,52,186,0.6667,0.6667,0.6667,0.5,170,0.6667,0.5,39,0.1667,0.0,0.2778,0.3333,0.5556,0.5556
BB12033,RV12,mafft,7,793,3183,0.25,542,1812,0.0,0.25,0.0,0.25,1490,0.0,0.25,155,0.25,0.0,0.3333,0.3333,0.3333,0.0833
BB12034,RV12,mafft,4,308,1105,0.0,43,79,0.0,0.0,0.0,0.0,72,0.0,0.0,30,0.0,0.0,0.0,0.0,0.0,0.0
BB12035,RV12,mafft,27,504,7027,0.3333,284,1695,0.3333,0.5417,0.4167,0.5833,1689,0.4167,0.5833,251,0.3333,0.0,0.6389,0.625,0.6111,0.5139
BB12036,RV12,mafft,7,239,1467,0.0,19,95,0.0,0.0,0.0,0.0,108,0.0,0.0,50,0.0,0.0,0.0,0.0,0.0,0.0
BB12038,RV12,mafft,10,2443,4924,0.5714,2222,2911,0.4286,0.2857,,,999,0.4286,0.2857,0,0.5714,0.0,0.8571,0.7143,0.7619,0.7143
BB12039,RV12,mafft,11,454,1139,0.75,392,587,0.75,0.25,1.0,1.0,271,0.875,0.25,0,0.75,0.0,0.9583,0.7917,0.875,0.9167
BB12040,RV12,mafft,5,164,661,0.5,44,110,0.5,0.0,0.5,0.0,103,0.5,0.0,51,0.5,0.0,0.5,0.3333,0.1667,0.3333
BB12041,RV12,mafft,7,155,795,0.75,72,284,0.25,0.75,0.25,0.75,297,0.75,1.0,49,0.75,0.0,0.5833,0.4167,0.5833,0.5833
BB12042,RV12,mafft,4,619,2014,0.0,323,905,0.0,0.0,0.0,0.0,884,0.0,0.0,97,0.0,0.0,0.0,0.0,0.0,0.0
BB12043,RV12,mafft,34,984,10815,0.3226,654,3668,0.4516,0.4194,0.5806,0.5806,3438,0.4516,0.4516,371,0.3226,0.0645,0.8065,0.785,0.7419,0.6559
BB12044,RV12,mafft,11,743,6305,0.25,203,995,0.375,0.125,0.375,0.125,1272,0.25,0.25,167,0.25,0.0,0.5,0.3333,0.4583,0.2917
BBS12001,RV12,mafft,11,558,4824,0.125,234,1512,0.0,0.125,0.125,0.0,1489,0.125,0.0,96,0.125,0.0,0.125,0.0833,0.625,0.5
BBS12002,RV12,mafft,6,193,1092,0.0,9,23,0.0,0.0,0.0,0.0,91,0.0,0.0,6,0.0,0.0,0.0,0.0,0.0,0.0
BBS12003,RV12,mafft,8,69,496,0.2,1,8,0.2,0.0,0.0,0.2,19,0.6,0.6,8,0.0,0.2,0.0667,0.1333,0.2667,0.2667
BBS12004,RV12,mafft,15,291,3674,0.5833,51,264,0.5833,0.1667,0.75,0.5833,446,0.8333,0.75,40,0.5833,0.0,0.6389,0.3611,0.6944,0.5278
BBS12005,RV12,mafft,9,225,1777,0.1667,44,225,0.1667,0.0,0.1667,0.0,245,0.1667,0.0,29,0.1667,0.0,0.1667,0.2222,0.1667,0.2222
BBS12006,RV12,mafft,4,239,912,0.0,26,92,0.0,0.0,0.0,0.0,77,0.0,0.0,2,0.0,0.0,0.0,0.0,0.0,0.0
BBS12007,RV12,mafft,8,1156,7859,0.2,313,1478,0.0,0.2,0.0,0.2,1380,0.0,0.2,99,0.2,0.0,0.0667,0.1333,0.2,0.1333
BBS12008,RV12,mafft,13,411,4774,0.0,51,213,0.1,0.1,0.6,0.6,379,0.6,0.6,45,0.1,0.1,0.2333,0.2333,0.3,0.3
BBS12009,RV12,mafft,5,72,339,1.0,4,4,1.0,0.0,0.5,0.5,29,0.5,0.5,4,1.0,0.0,0.6667,0.3333,1.0,0.0
BBS12010,RV12,mafft,7,343,2181,0.0,31,98,0.0,0.0,0.0,0.0,228,0.0,0.0,33,0.0,0.0,0.0,0.0,0.0,0.0
BBS12011,RV12,mafft,12,720,7075,0.1111,329,2651,0.1111,0.0,0.1111,0.0,2497,0.1111,0.0,119,0.1111,0.0,0.3703,0.2592,0.4074,0.3333
BBS12012,RV12,mafft,4,373,1237,0.0,160,456,0.0,0.0,0.0,0.0,422,0.0,0.0,40,0.0,0.0,0.3333,0.3333,0.3333,0.3333
BBS12013,RV12,mafft,8,757,5486,0.2,90,279,0.2,0.0,0.0,0.2,335,0.0,0.2,45,0.2,0.0,0.2,0.0,0.1333,0.0667
BBS12014,RV12,mafft,9,52,444,0.0,3,3,0.0,0.0,0.3333,0.3333,0,0.0,0.0,3,0.0,0.0,0.7222,0.7222,0.3889,0.3889
BBS12015,RV12,mafft,12,156,1409,0.2222,12,53,0.2222,0.0,0.2222,0.0,80,0.2222,0.0,63,0.2222,0.0,0.2222,0.2963,0.2222,0.0
BBS12016,RV12,mafft,5,131,526,1.0,39,71,1.0,0.0,1.0,0.0,63,1.0,0.0,33,1.0,0.0,1.0,0.0,0.6667,0.8333
BBS12017,RV12,mafft,7,569,3219,0.75,167,489,0.5,0.5,0.25,0.75,507,0.25,0.75,133,0.75,0.0,0.5,0.5,0.5833,0.4167
BBS12018,RV12,mafft,4,911,3242,0.0,207,479,0.0,0.0,0.0,0.0,267,0.0,0.0,103,0.0,0.0,0.0,0.0,0.0,0.0
BBS12019,RV12,mafft,5,573,2671,0.0,49,101,0.0,0.0,0.0,0.0,150,0.0,0.0,47,0.0,0.0,0.1667,0.1667,0.1667,0.1667
BBS12020,RV12,mafft,4,139,492,0.0,35,91,0.0,0.0,0.0,0.0,82,0.0,0.0,14,0.0,0.0,0.0,0.0,0.0,0.0
BBS12021,RV12,mafft,6,88,439,0.6667,17,58,0.6667,0.0,1.0,0.6667,51,0.6667,0.0,20,0.6667,0.0,0.4444,0.3333,0.6667,0.3333
BBS12022,RV12,mafft,5,86,406,0.5,5,17,0.5,0.0,0.0,0.5,24,0.0,0.5,7,0.5,0.0,0.3333,0.1667,0.5,0.0
BBS12023,RV12,mafft,5,777,3434,0.0,123,459,0.0,0.0,0.0,0.0,531,0.0,0.0,138,0.0,0.0,0.0,0.0,0.0,0.0
BBS12024,RV12,mafft,4,253,935,0.0,27,59,0.0,0.0,0.0,0.0,59,0.0,0.0,16,0.0,0.0,0.0,0.0,0.3333,0.3333
BBS12025,RV12,mafft,4,142,475,0.0,49,113,0.0,0.0,0.0,0.0,99,0.0,0.0,22,0.0,0.0,0.0,0.0,0.0,0.0
BBS12026,RV12,mafft,18,285,4568,0.6667,45,470,0.5333,0.6,0.6667,0.8,506,0.6,0.7333,29,0.6667,0.1333,0.4889,0.5333,0.6,0.6444
BBS12027,RV12,mafft,13,223,2641,0.5,16,73,0.5,0.2,0.5,0.3,188,0.5,0.4,15,0.6,0.1,0.5667,0.4333,0.5,0.2667
BBS12028,RV12,mafft,8,287,1826,0.0,103,406,0.2,0.2,0.2,0.2,453,0.4,0.4,40,0.0,0.0,0.2,0.2,0.2667,0.2667
BBS12029,RV12,mafft,12,311,3232,0.0,16,30,0.0,0.0,0.0,0.0,95,0.0,0.0,35,0.0,0.0,0.0,0.0,0.0,0.0
BBS12030,RV12,mafft,6,246,1417,0.0,16,57,0.0,0.0,0.0,0.0,76,0.0,0.0,12,0.0,0.0,0.0,0.0,0.0,0.0
BBS12031,RV12,mafft,10,1131,9175,0.5714,406,2156,0.2857,0.4286,0.2857,0.4286,2013,0.2857,0.4286,299,0.5714,0.0,0.5238,0.4286,0.6191,0.4762
BBS12032,RV12,mafft,9,72,559,0.6667,17,117,0.5,0.6667,0.6667,0.5,113,0.6667,0.5,8,0.6667,0.0,0.6111,0.6111,0.6111,0.5555
BBS12033,RV12,mafft,7,428,2143,0.25,205,788,0.25,0.0,0.0,0.25,646,0.0,0.25,158,0.25,0.0,0.1667,0.0833,0.4167,0.25
BBS12034,RV12,mafft,4,304,1097,0.0,41,71,0.0,0.0,0.0,0.0,61,0.0,0.0,30,0.0,0.0,0.0,0.0,0.0,0.0
BBS12035,RV12,mafft,27,274,5750,0.4167,68,647,0.375,0.4583,0.5833,0.625,832,0.4167,0.5,54,0.4167,0.0833,0.4722,0.3333,0.5417,0.5139
BBS12036,RV12,mafft,7,219,1409,0.0,9,50,0.0,0.0,0.0,0.0,51,0.0,0.0,34,0.0,0.0,0.0,0.0,0.0,0.0
BBS12037,RV12,mafft,13,599,6252,0.6,234,1831,0.6,0.8,0.7,0.8,1954,0.8,0.9,130,0.8,0.6,0.6333,0.3667,0.6667,0.3333
BBS12038,RV12,mafft,10,323,2481,0.2857,87,331,0.2857,0.2857,0.2857,0.2857,379,0.2857,0.2857,97,0.1429,0.1429,0.381,0.3333,0.2857,0.1905
BBS12039,RV12,mafft,11,96,737,0.125,35,143,0.25,0.125,0.0,0.125,152,0.0,0.125,39,0.25,0.375,0.3333,0.4583,0.4583,0.4583
BBS12040,RV12,mafft,5,137,619,0.5,14,48,0.5,0.0,0.5,0.0,53,0.5,0.0,24,0.5,0.0,0.3333,0.1667,0.1667,0.3333
BBS12041,RV12,mafft,7,128,747,0.75,49,263,0.25,0.75,0.5,1.0,245,0.25,0.75,25,0.75,0.0,0.6667,0.4167,0.6667,0.75
BBS12042,RV12,mafft,4,584,1969,0.0,275,805,0.0,0.0,0.0,0.0,825,0.0,0.0,69,0.0,0.0,0.0,0.0,0.0,0.0
BBS12043,RV12,mafft,34,311,7871,0.5161,96,1023,0.4516,0.4194,0.4194,0.3548,1159,0.4194,0.2903,74,0.4839,0.3548,0.6129,0.4731,0.6022,0.5161
BBS12044,RV12,mafft,11,725,6206,0.25,186,894,0.375,0.125,0.375,0.125,1160,0.25,0.25,165,0.25,0.0,0.2917,0.2917,0.3333,0.0833
