family,set,aligner,sp,tc
BB11001,BB11,builtin,0.9470,0.9100
BB11001,BB11,clustalo,0.9560,0.9100
BB11001,BB11,mafft,0.9910,0.9800
BB11001,BB11,muscle,1.0000,1.0000
BB11001,BB11,prank,0.9240,0.8700
BB11001,BB11,probcons,1.0000,1.0000
BB11002,BB11,builtin,0.6110,0.0000
BB11002,BB11,clustalo,0.5360,0.0000
BB11002,BB11,mafft,0.6110,0.0000
BB11002,BB11,muscle,0.6110,0.0000
BB11002,BB11,prank,0.4790,0.0000
BB11002,BB11,probcons,0.6110,0.0000
BB11003,BB11,builtin,0.5900,0.4400
BB11003,BB11,clustalo,0.6530,0.4800
BB11003,BB11,mafft,0.7610,0.6100
BB11003,BB11,muscle,0.7130,0.5400
BB11003,BB11,prank,0.4890,0.3400
BB11003,BB11,probcons,0.7160,0.5500
BB11004,BB11,builtin,0.6940,0.5700
BB11004,BB11,clustalo,0.5560,0.4000
BB11004,BB11,mafft,0.7220,0.5700
BB11004,BB11,muscle,0.6740,0.5000
BB11004,BB11,prank,0.5360,0.3200
BB11004,BB11,probcons,0.6720,0.5000
BB11005,BB11,builtin,0.4460,0.1300
BB11005,BB11,clustalo,0.4420,0.2000
BB11005,BB11,mafft,0.5770,0.1800
BB11005,BB11,muscle,0.5680,0.1700
BB11005,BB11,prank,0.2980,0.0200
BB11005,BB11,probcons,0.4930,0.2000
BB11006,BB11,builtin,0.5160,0.2700
BB11006,BB11,clustalo,0.5350,0.4300
BB11006,BB11,mafft,0.5500,0.4300
BB11006,BB11,muscle,0.5610,0.3700
BB11006,BB11,prank,0.2980,0.0000
BB11006,BB11,probcons,0.5930,0.4300
BB11007,BB11,builtin,0.8360,0.6600
BB11007,BB11,clustalo,0.7710,0.5300
BB11007,BB11,mafft,0.8140,0.6100
BB11007,BB11,muscle,0.8370,0.6600
BB11007,BB11,prank,0.6850,0.3800
BB11007,BB11,probcons,0.8440,0.6600
BB11008,BB11,builtin,0.6530,0.5100
BB11008,BB11,clustalo,0.5200,0.3200
BB11008,BB11,mafft,0.6770,0.5500
BB11008,BB11,muscle,0.7790,0.6900
BB11008,BB11,prank,0.6190,0.3800
BB11008,BB11,probcons,0.7650,0.6900
BB11009,BB11,builtin,0.7470,0.6600
BB11009,BB11,clustalo,0.3610,0.0000
BB11009,BB11,mafft,0.3390,0.0000
BB11009,BB11,muscle,0.7580,0.7000
BB11009,BB11,prank,0.2860,0.0000
BB11009,BB11,probcons,0.7500,0.6800
BB11010,BB11,builtin,0.6900,0.5100
BB11010,BB11,clustalo,0.7670,0.6700
BB11010,BB11,mafft,0.6620,0.4800
BB11010,BB11,muscle,0.7740,0.6400
BB11010,BB11,prank,0.6050,0.4200
BB11010,BB11,probcons,0.7740,0.6400
BB11011,BB11,builtin,0.6910,0.5200
BB11011,BB11,clustalo,0.4800,0.2300
BB11011,BB11,mafft,0.5260,0.3900
BB11011,BB11,muscle,0.6480,0.3900
BB11011,BB11,prank,0.4870,0.2100
BB11011,BB11,probcons,0.5780,0.2100
BB11012,BB11,builtin,0.9490,0.9200
BB11012,BB11,clustalo,0.8910,0.8000
BB11012,BB11,mafft,0.9270,0.8800
BB11012,BB11,muscle,0.9510,0.9200
BB11012,BB11,prank,0.9040,0.8400
BB11012,BB11,probcons,0.9510,0.9200
BB11013,BB11,builtin,0.1310,0.0000
BB11013,BB11,clustalo,0.0790,0.0000
BB11013,BB11,mafft,0.1340,0.0000
BB11013,BB11,muscle,0.2070,0.0000
BB11013,BB11,prank,0.1140,0.0000
BB11013,BB11,probcons,0.1620,0.0000
BB11014,BB11,builtin,0.8830,0.7900
BB11014,BB11,clustalo,0.8590,0.7600
BB11014,BB11,mafft,0.8700,0.7700
BB11014,BB11,muscle,0.8850,0.7900
BB11014,BB11,prank,0.7610,0.5500
BB11014,BB11,probcons,0.8790,0.7700
BB11015,BB11,builtin,0.7450,0.5900
BB11015,BB11,clustalo,0.7860,0.6600
BB11015,BB11,mafft,0.7330,0.5700
BB11015,BB11,muscle,0.7740,0.6400
BB11015,BB11,prank,0.6820,0.5000
BB11015,BB11,probcons,0.7740,0.6400
BB11016,BB11,builtin,0.5840,0.0000
BB11016,BB11,clustalo,0.8100,0.5500
BB11016,BB11,mafft,0.8150,0.5200
BB11016,BB11,muscle,0.6800,0.2000
BB11016,BB11,prank,0.4080,0.0000
BB11016,BB11,probcons,0.5990,0.0000
BB11017,BB11,builtin,0.9130,0.8800
BB11017,BB11,clustalo,0.8850,0.8200
BB11017,BB11,mafft,0.8860,0.8200
BB11017,BB11,muscle,0.8940,0.8300
BB11017,BB11,prank,0.8490,0.7800
BB11017,BB11,probcons,0.7760,0.6600
BB11018,BB11,builtin,0.8400,0.6400
BB11018,BB11,clustalo,0.7280,0.5300
BB11018,BB11,mafft,0.8710,0.6600
BB11018,BB11,muscle,0.8580,0.5900
BB11018,BB11,prank,0.6430,0.3200
BB11018,BB11,probcons,0.8460,0.6400
BB11019,BB11,builtin,0.7640,0.3600
BB11019,BB11,clustalo,0.6380,0.2200
BB11019,BB11,mafft,0.7610,0.3600
BB11019,BB11,muscle,0.7720,0.3000
BB11019,BB11,prank,0.5860,0.2000
BB11019,BB11,probcons,0.7470,0.3100
BB11020,BB11,builtin,0.8640,0.6900
BB11020,BB11,clustalo,0.6740,0.3300
BB11020,BB11,mafft,0.8710,0.6400
BB11020,BB11,muscle,0.8130,0.4900
BB11020,BB11,prank,0.7430,0.3600
BB11020,BB11,probcons,0.8100,0.5400
BB11021,BB11,builtin,0.7380,0.6300
BB11021,BB11,clustalo,0.6020,0.4800
BB11021,BB11,mafft,0.7820,0.6700
BB11021,BB11,muscle,0.7690,0.6700
BB11021,BB11,prank,0.7140,0.5500
BB11021,BB11,probcons,0.7690,0.6700
BB11022,BB11,builtin,0.1460,0.0000
BB11022,BB11,clustalo,0.1770,0.0000
BB11022,BB11,mafft,0.1010,0.0000
BB11022,BB11,muscle,0.1670,0.0000
BB11022,BB11,prank,0.0910,0.0000
BB11022,BB11,probcons,0.1620,0.0000
BB11023,BB11,builtin,0.5460,0.1900
BB11023,BB11,clustalo,0.6810,0.3700
BB11023,BB11,mafft,0.7200,0.4800
BB11023,BB11,muscle,0.7420,0.5000
BB11023,BB11,prank,0.5260,0.2000
BB11023,BB11,probcons,0.7390,0.5000
BB11024,BB11,builtin,0.2850,0.0000
BB11024,BB11,clustalo,0.2780,0.0000
BB11024,BB11,mafft,0.3660,0.0300
BB11024,BB11,muscle,0.5490,0.2200
BB11024,BB11,prank,0.1050,0.0000
BB11024,BB11,probcons,0.5210,0.2200
BB11025,BB11,builtin,0.1230,0.0000
BB11025,BB11,clustalo,0.1400,0.0000
BB11025,BB11,mafft,0.1140,0.0000
BB11025,BB11,muscle,0.1670,0.0000
BB11025,BB11,prank,0.0000,0.0000
BB11025,BB11,probcons,0.1840,0.0000
BB11026,BB11,builtin,0.2930,0.0000
BB11026,BB11,clustalo,0.1280,0.0000
BB11026,BB11,mafft,0.2380,0.0000
BB11026,BB11,muscle,0.3410,0.0000
BB11026,BB11,prank,0.3080,0.0000
BB11026,BB11,probcons,0.4100,0.0000
BB11027,BB11,builtin,0.5330,0.3100
BB11027,BB11,clustalo,0.5070,0.2800
BB11027,BB11,mafft,0.6260,0.3200
BB11027,BB11,muscle,0.6260,0.3200
BB11027,BB11,prank,0.4780,0.2000
BB11027,BB11,probcons,0.6330,0.3200
BB11028,BB11,builtin,0.6020,0.0000
BB11028,BB11,clustalo,0.7380,0.0000
BB11028,BB11,mafft,0.7590,0.0000
BB11028,BB11,muscle,0.7290,0.0000
BB11028,BB11,prank,0.2140,0.0000
BB11028,BB11,probcons,0.6580,0.0000
BB11029,BB11,builtin,0.5160,0.4900
BB11029,BB11,clustalo,0.4580,0.3700
BB11029,BB11,mafft,0.4080,0.2900
BB11029,BB11,muscle,0.5260,0.4700
BB11029,BB11,prank,0.5750,0.3900
BB11029,BB11,probcons,0.5260,0.4700
BB11030,BB11,builtin,0.6600,0.0400
BB11030,BB11,clustalo,0.7680,0.3700
BB11030,BB11,mafft,0.8860,0.6300
BB11030,BB11,muscle,0.8690,0.5000
BB11030,BB11,prank,0.3860,0.0500
BB11030,BB11,probcons,0.8330,0.2800
BB11031,BB11,builtin,0.4990,0.0300
BB11031,BB11,clustalo,0.5980,0.2400
BB11031,BB11,mafft,0.6240,0.1800
BB11031,BB11,muscle,0.7070,0.2700
BB11031,BB11,prank,0.3010,0.0000
BB11031,BB11,probcons,0.6820,0.2100
BB11032,BB11,builtin,0.8280,0.7200
BB11032,BB11,clustalo,0.8020,0.5900
BB11032,BB11,mafft,0.8780,0.6900
BB11032,BB11,muscle,0.9110,0.7200
BB11032,BB11,prank,0.5430,0.1900
BB11032,BB11,probcons,0.9100,0.7300
BB11033,BB11,builtin,0.5640,0.3800
BB11033,BB11,clustalo,0.2380,0.0000
BB11033,BB11,mafft,0.6040,0.2700
BB11033,BB11,muscle,0.5550,0.0000
BB11033,BB11,prank,0.4440,0.2700
BB11033,BB11,probcons,0.5730,0.3300
BB11034,BB11,builtin,0.6350,0.0000
BB11034,BB11,clustalo,0.7840,0.4600
BB11034,BB11,mafft,0.8640,0.6400
BB11034,BB11,muscle,0.7110,0.2400
BB11034,BB11,prank,0.4630,0.0000
BB11034,BB11,probcons,0.6440,0.0000
BB11035,BB11,builtin,0.6460,0.5400
BB11035,BB11,clustalo,0.5460,0.1800
BB11035,BB11,mafft,0.6460,0.5400
BB11035,BB11,muscle,0.7000,0.5400
BB11035,BB11,prank,0.4570,0.1800
BB11035,BB11,probcons,0.7000,0.5400
BB11036,BB11,builtin,0.6620,0.3900
BB11036,BB11,clustalo,0.6450,0.3900
BB11036,BB11,mafft,0.7000,0.3800
BB11036,BB11,muscle,0.6840,0.3900
BB11036,BB11,prank,0.4930,0.1000
BB11036,BB11,probcons,0.6280,0.3800
BB11037,BB11,builtin,0.5240,0.3000
BB11037,BB11,clustalo,0.5680,0.3500
BB11037,BB11,mafft,0.5160,0.3000
BB11037,BB11,muscle,0.6280,0.3900
BB11037,BB11,prank,0.4330,0.1900
BB11037,BB11,probcons,0.6280,0.3800
BB11038,BB11,builtin,0.8560,0.6500
BB11038,BB11,clustalo,0.8380,0.6700
BB11038,BB11,mafft,0.8190,0.5700
BB11038,BB11,muscle,0.9060,0.7500
BB11038,BB11,prank,0.7020,0.4700
BB11038,BB11,probcons,0.9100,0.7600
BB12001,BB12,builtin,0.9260,0.8200
BB12001,BB12,clustalo,0.9110,0.8100
BB12001,BB12,mafft,0.9350,0.8200
BB12001,BB12,muscle,0.9250,0.8200
BB12001,BB12,prank,0.8480,0.6300
BB12001,BB12,probcons,0.9180,0.8100
BB12002,BB12,builtin,0.8860,0.7200
BB12002,BB12,clustalo,0.9030,0.7700
BB12002,BB12,mafft,0.9020,0.7100
BB12002,BB12,muscle,0.8980,0.7400
BB12002,BB12,prank,0.8620,0.7000
BB12002,BB12,probcons,0.9030,0.7500
BB12003,BB12,builtin,0.9880,0.9700
BB12003,BB12,clustalo,0.9280,0.8100
BB12003,BB12,mafft,0.9660,0.9100
BB12003,BB12,muscle,0.9850,0.9700
BB12003,BB12,prank,0.8440,0.6200
BB12003,BB12,probcons,0.9850,0.9700
BB12004,BB12,builtin,0.9490,0.7100
BB12004,BB12,clustalo,0.9270,0.6300
BB12004,BB12,mafft,0.9790,0.8900
BB12004,BB12,muscle,0.9800,0.8800
BB12004,BB12,prank,0.8880,0.5800
BB12004,BB12,probcons,0.9730,0.8400
BB12005,BB12,builtin,0.9530,0.8100
BB12005,BB12,clustalo,0.9220,0.7600
BB12005,BB12,mafft,0.9320,0.7500
BB12005,BB12,muscle,0.9470,0.8300
BB12005,BB12,prank,0.8680,0.5900
BB12005,BB12,probcons,0.9560,0.8400
BB12006,BB12,builtin,0.9940,0.9800
BB12006,BB12,clustalo,0.9580,0.9300
BB12006,BB12,mafft,0.9490,0.9100
BB12006,BB12,muscle,0.9910,0.9800
BB12006,BB12,prank,0.9240,0.8800
BB12006,BB12,probcons,0.9910,0.9800
BB12007,BB12,builtin,0.9070,0.7700
BB12007,BB12,clustalo,0.8880,0.7500
BB12007,BB12,mafft,0.9080,0.7800
BB12007,BB12,muscle,0.9120,0.7900
BB12007,BB12,prank,0.8420,0.6600
BB12007,BB12,probcons,0.9080,0.7900
BB12008,BB12,builtin,0.9530,0.8100
BB12008,BB12,clustalo,0.9540,0.8400
BB12008,BB12,mafft,0.9550,0.8500
BB12008,BB12,muscle,0.9640,0.8500
BB12008,BB12,prank,0.8930,0.6200
BB12008,BB12,probcons,0.9600,0.8500
BB12009,BB12,builtin,0.9140,0.8200
BB12009,BB12,clustalo,0.9190,0.7900
BB12009,BB12,mafft,0.8340,0.5900
BB12009,BB12,muscle,0.8310,0.6000
BB12009,BB12,prank,0.7310,0.4600
BB12009,BB12,probcons,0.8280,0.6000
BB12010,BB12,builtin,0.9530,0.8600
BB12010,BB12,clustalo,0.9470,0.8700
BB12010,BB12,mafft,0.9630,0.8700
BB12010,BB12,muscle,0.9540,0.8600
BB12010,BB12,prank,0.8770,0.7000
BB12010,BB12,probcons,0.9470,0.8300
BB12011,BB12,builtin,0.8180,0.5300
BB12011,BB12,clustalo,0.7750,0.5200
BB12011,BB12,mafft,0.8370,0.5600
BB12011,BB12,muscle,0.8480,0.5700
BB12011,BB12,prank,0.7280,0.4500
BB12011,BB12,probcons,0.8480,0.5700
BB12012,BB12,builtin,0.8200,0.6700
BB12012,BB12,clustalo,0.7700,0.6200
BB12012,BB12,mafft,0.8030,0.6700
BB12012,BB12,muscle,0.8120,0.6700
BB12012,BB12,prank,0.7660,0.6000
BB12012,BB12,probcons,0.8120,0.6700
BB12013,BB12,builtin,0.9730,0.9200
BB12013,BB12,clustalo,0.9620,0.8900
BB12013,BB12,mafft,0.9720,0.9200
BB12013,BB12,muscle,0.9770,0.9300
BB12013,BB12,prank,0.9220,0.7900
BB12013,BB12,probcons,0.9760,0.9300
BB12014,BB12,builtin,0.9590,0.8100
BB12014,BB12,clustalo,0.9950,0.9700
BB12014,BB12,mafft,1.0000,1.0000
BB12014,BB12,muscle,0.9950,0.9700
BB12014,BB12,prank,0.9180,0.7600
BB12014,BB12,probcons,0.9950,0.9700
BB12015,BB12,builtin,1.0000,1.0000
BB12015,BB12,clustalo,0.9470,0.9000
BB12015,BB12,mafft,0.9920,0.9800
BB12015,BB12,muscle,0.9970,0.9800
BB12015,BB12,prank,0.9310,0.8600
BB12015,BB12,probcons,0.9970,0.9800
BB12016,BB12,builtin,0.8770,0.7300
BB12016,BB12,clustalo,0.8530,0.7600
BB12016,BB12,mafft,0.9080,0.7800
BB12016,BB12,muscle,0.8920,0.7600
BB12016,BB12,prank,0.7960,0.6000
BB12016,BB12,probcons,0.8890,0.7600
BB12017,BB12,builtin,0.9790,0.9200
BB12017,BB12,clustalo,0.9730,0.9100
BB12017,BB12,mafft,0.9770,0.9200
BB12017,BB12,muscle,0.9790,0.9300
BB12017,BB12,prank,0.9460,0.8500
BB12017,BB12,probcons,0.9790,0.9300
BB12018,BB12,builtin,0.9570,0.9200
BB12018,BB12,clustalo,0.9490,0.9100
BB12018,BB12,mafft,0.9630,0.9300
BB12018,BB12,muscle,0.9530,0.9200
BB12018,BB12,prank,0.9400,0.9000
BB12018,BB12,probcons,0.9540,0.9200
BB12019,BB12,builtin,0.9230,0.8500
BB12019,BB12,clustalo,0.9160,0.8300
BB12019,BB12,mafft,0.9210,0.8400
BB12019,BB12,muscle,0.9320,0.8700
BB12019,BB12,prank,0.8780,0.7700
BB12019,BB12,probcons,0.9310,0.8700
BB12020,BB12,builtin,0.9860,0.9700
BB12020,BB12,clustalo,0.3290,0.0000
BB12020,BB12,mafft,0.9660,0.9400
BB12020,BB12,muscle,0.9780,0.9500
BB12020,BB12,prank,0.9230,0.8800
BB12020,BB12,probcons,0.9780,0.9500
BB12021,BB12,builtin,0.9740,0.9200
BB12021,BB12,clustalo,0.9400,0.8200
BB12021,BB12,mafft,0.9380,0.8900
BB12021,BB12,muscle,0.9830,0.9400
BB12021,BB12,prank,0.9640,0.9200
BB12021,BB12,probcons,0.9830,0.9400
BB12022,BB12,builtin,0.9880,0.9800
BB12022,BB12,clustalo,0.9920,0.9800
BB12022,BB12,mafft,1.0000,1.0000
BB12022,BB12,muscle,0.9920,0.9800
BB12022,BB12,prank,0.9410,0.9000
BB12022,BB12,probcons,0.9860,0.9800
BB12023,BB12,builtin,0.9350,0.8700
BB12023,BB12,clustalo,0.9300,0.8500
BB12023,BB12,mafft,0.9320,0.8600
BB12023,BB12,muscle,0.9200,0.8500
BB12023,BB12,prank,0.8320,0.7200
BB12023,BB12,probcons,0.9220,0.8500
BB12024,BB12,builtin,0.9940,0.9800
BB12024,BB12,clustalo,0.9960,0.9900
BB12024,BB12,mafft,0.9690,0.9400
BB12024,BB12,muscle,0.9910,0.9800
BB12024,BB12,prank,0.9400,0.8800
BB12024,BB12,probcons,0.9910,0.9800
BB12025,BB12,builtin,0.4560,0.0000
BB12025,BB12,clustalo,0.9560,0.9200
BB12025,BB12,mafft,0.9300,0.8500
BB12025,BB12,muscle,0.9140,0.9000
BB12025,BB12,prank,0.4580,0.0000
BB12025,BB12,probcons,0.9220,0.9200
BB12026,BB12,builtin,0.9480,0.7800
BB12026,BB12,clustalo,0.9290,0.7300
BB12026,BB12,mafft,0.9520,0.7600
BB12026,BB12,muscle,0.9490,0.7700
BB12026,BB12,prank,0.8590,0.6300
BB12026,BB12,probcons,0.9490,0.7700
BB12027,BB12,builtin,0.9800,0.9000
BB12027,BB12,clustalo,0.9660,0.8800
BB12027,BB12,mafft,0.9730,0.8900
BB12027,BB12,muscle,0.9840,0.9100
BB12027,BB12,prank,0.9110,0.6900
BB12027,BB12,probcons,0.9810,0.9100
BB12028,BB12,builtin,0.9630,0.8900
BB12028,BB12,clustalo,0.9390,0.8300
BB12028,BB12,mafft,0.9540,0.8700
BB12028,BB12,muscle,0.9690,0.9200
BB12028,BB12,prank,0.8770,0.7200
BB12028,BB12,probcons,0.9680,0.9200
BB12029,BB12,builtin,0.9900,0.9600
BB12029,BB12,clustalo,0.9820,0.9400
BB12029,BB12,mafft,0.9880,0.9600
BB12029,BB12,muscle,0.9940,0.9700
BB12029,BB12,prank,0.9500,0.8600
BB12029,BB12,probcons,0.9930,0.9700
BB12030,BB12,builtin,0.9150,0.7500
BB12030,BB12,clustalo,0.9790,0.9400
BB12030,BB12,mafft,0.9630,0.9100
BB12030,BB12,muscle,0.9830,0.9600
BB12030,BB12,prank,0.9390,0.8500
BB12030,BB12,probcons,0.9790,0.9400
BB12031,BB12,builtin,0.8770,0.7400
BB12031,BB12,clustalo,0.8710,0.7400
BB12031,BB12,mafft,0.8740,0.7500
BB12031,BB12,muscle,0.8770,0.7400
BB12031,BB12,prank,0.8400,0.7000
BB12031,BB12,probcons,0.8760,0.7300
BB12032,BB12,builtin,0.9510,0.7700
BB12032,BB12,clustalo,0.8220,0.6200
BB12032,BB12,mafft,0.9520,0.8500
BB12032,BB12,muscle,0.9920,0.9600
BB12032,BB12,prank,0.9390,0.8100
BB12032,BB12,probcons,0.9850,0.9600
BB12033,BB12,builtin,0.8740,0.7500
BB12033,BB12,clustalo,0.8190,0.7300
BB12033,BB12,mafft,0.8940,0.8000
BB12033,BB12,muscle,0.9020,0.8100
BB12033,BB12,prank,0.7630,0.6200
BB12033,BB12,probcons,0.9010,0.8000
BB12034,BB12,builtin,0.9150,0.8400
BB12034,BB12,clustalo,0.9280,0.8600
BB12034,BB12,mafft,0.9210,0.8500
BB12034,BB12,muscle,0.9190,0.8500
BB12034,BB12,prank,0.8980,0.8000
BB12034,BB12,probcons,0.9160,0.8500
BB12035,BB12,builtin,0.9890,0.8900
BB12035,BB12,clustalo,0.9760,0.8200
BB12035,BB12,mafft,0.9910,0.8800
BB12035,BB12,muscle,0.9950,0.9300
BB12035,BB12,prank,0.9150,0.6600
BB12035,BB12,probcons,0.9950,0.9300
BB12036,BB12,builtin,0.9930,0.9800
BB12036,BB12,clustalo,0.9830,0.9500
BB12036,BB12,mafft,0.9780,0.9500
BB12036,BB12,muscle,0.9950,0.9800
BB12036,BB12,prank,0.9140,0.8100
BB12036,BB12,probcons,0.9950,0.9800
BB12038,BB12,builtin,0.8650,0.4400
BB12038,BB12,clustalo,0.9530,0.8900
BB12038,BB12,mafft,0.9520,0.8900
BB12038,BB12,muscle,0.9530,0.8900
BB12038,BB12,prank,0.8690,0.7300
BB12038,BB12,probcons,0.9540,0.8900
BB12039,BB12,builtin,0.9290,0.8200
BB12039,BB12,clustalo,0.8850,0.7100
BB12039,BB12,mafft,0.9790,0.8800
BB12039,BB12,muscle,0.9410,0.8500
BB12039,BB12,prank,0.3510,0.0000
BB12039,BB12,probcons,0.9240,0.8200
BB12040,BB12,builtin,0.9890,0.9700
BB12040,BB12,clustalo,0.9790,0.9400
BB12040,BB12,mafft,0.9790,0.9600
BB12040,BB12,muscle,0.9920,0.9700
BB12040,BB12,prank,0.9420,0.8700
BB12040,BB12,probcons,0.9920,0.9700
BB12041,BB12,builtin,0.9150,0.7300
BB12041,BB12,clustalo,0.8120,0.3900
BB12041,BB12,mafft,0.8490,0.5800
BB12041,BB12,muscle,0.8480,0.6500
BB12041,BB12,prank,0.7870,0.5800
BB12041,BB12,probcons,0.8480,0.6500
BB12042,BB12,builtin,0.7860,0.6800
BB12042,BB12,clustalo,0.6780,0.5400
BB12042,BB12,mafft,0.7980,0.6800
BB12042,BB12,muscle,0.7730,0.6500
BB12042,BB12,prank,0.6920,0.5400
BB12042,BB12,probcons,0.7740,0.6500
BB12043,BB12,builtin,0.9740,0.8500
BB12043,BB12,clustalo,0.9730,0.8000
BB12043,BB12,mafft,0.9870,0.8500
BB12043,BB12,muscle,0.9870,0.8400
BB12043,BB12,prank,0.8590,0.6200
BB12043,BB12,probcons,0.9880,0.8400
BB12044,BB12,builtin,0.9170,0.7600
BB12044,BB12,clustalo,0.9210,0.7900
BB12044,BB12,mafft,0.9020,0.7500
BB12044,BB12,muscle,0.9210,0.7900
BB12044,BB12,prank,0.8330,0.5900
BB12044,BB12,probcons,0.9210,0.8000
BB20001,BB20,builtin,0.5900,0.0000
BB20001,BB20,clustalo,0.5360,0.0000
BB20001,BB20,mafft,0.5320,0.0000
BB20001,BB20,muscle,0.5400,0.0000
BB20001,BB20,probcons,0.5310,0.0000
BB20005,BB20,builtin,0.7840,0.1300
BB20005,BB20,clustalo,0.7840,0.1400
BB20005,BB20,mafft,0.8860,0.3100
BB20005,BB20,muscle,0.8260,0.1400
BB20005,BB20,probcons,0.8160,0.1400
BB20006,BB20,builtin,0.9760,0.7200
BB20006,BB20,clustalo,0.9410,0.6200
BB20006,BB20,mafft,0.9800,0.6800
BB20006,BB20,muscle,0.9770,0.6100
BB20006,BB20,probcons,0.9770,0.6100
BB20007,BB20,builtin,0.8730,0.4700
BB20007,BB20,clustalo,0.8840,0.5100
BB20007,BB20,mafft,0.9060,0.5100
BB20007,BB20,muscle,0.8940,0.5100
BB20007,BB20,probcons,0.9020,0.5900
BB20009,BB20,builtin,0.9640,0.4700
BB20009,BB20,clustalo,0.9800,0.7000
BB20009,BB20,mafft,0.9660,0.5000
BB20009,BB20,muscle,0.9760,0.6500
BB20009,BB20,probcons,0.9740,0.6100
BB20011,BB20,builtin,0.8940,0.4700
BB20011,BB20,clustalo,0.9120,0.6500
BB20011,BB20,mafft,0.9490,0.6100
BB20011,BB20,muscle,0.9400,0.6800
BB20011,BB20,probcons,0.8630,0.0000
BB20012,BB20,builtin,0.8470,0.4400
BB20012,BB20,clustalo,0.8430,0.4600
BB20012,BB20,mafft,0.8350,0.3600
BB20012,BB20,muscle,0.8520,0.5100
BB20012,BB20,probcons,0.8550,0.5000
BB20013,BB20,builtin,0.9830,0.8400
BB20013,BB20,clustalo,0.9810,0.8000
BB20013,BB20,mafft,0.9590,0.7900
BB20013,BB20,muscle,0.9860,0.8700
BB20013,BB20,probcons,0.9820,0.8100
BB20015,BB20,builtin,0.8430,0.0000
BB20015,BB20,clustalo,0.8590,0.0000
BB20015,BB20,mafft,0.8770,0.0000
BB20015,BB20,muscle,0.8760,0.0000
BB20015,BB20,probcons,0.8620,0.0000
BB20016,BB20,builtin,0.7670,0.0000
BB20016,BB20,clustalo,0.7950,0.0000
BB20016,BB20,mafft,0.7850,0.0000
BB20016,BB20,muscle,0.7740,0.0000
BB20016,BB20,probcons,0.7710,0.0000
BB20018,BB20,builtin,0.9760,0.8200
BB20018,BB20,clustalo,0.9820,0.9000
BB20018,BB20,mafft,0.9780,0.8500
BB20018,BB20,muscle,0.9780,0.8400
BB20018,BB20,probcons,0.9800,0.8800
BB20019,BB20,builtin,0.8430,0.0000
BB20019,BB20,clustalo,0.9010,0.3800
BB20019,BB20,mafft,0.8970,0.3100
BB20019,BB20,muscle,0.8600,0.0000
BB20019,BB20,probcons,0.8520,0.0000
BB20020,BB20,builtin,0.9460,0.7800
BB20020,BB20,clustalo,0.9390,0.7700
BB20020,BB20,mafft,0.9420,0.7600
BB20020,BB20,muscle,0.9490,0.7700
BB20020,BB20,probcons,0.9500,0.7800
BB20022,BB20,builtin,0.8930,0.3300
BB20022,BB20,clustalo,0.9230,0.5300
BB20022,BB20,mafft,0.8970,0.3700
BB20022,BB20,muscle,0.9140,0.4200
BB20022,BB20,probcons,0.9010,0.3400
BB20023,BB20,builtin,0.8830,0.2900
BB20023,BB20,clustalo,0.9090,0.4200
BB20023,BB20,mafft,0.9570,0.6000
BB20023,BB20,muscle,0.9470,0.5200
BB20023,BB20,probcons,0.9550,0.6100
BB20024,BB20,builtin,0.8490,0.0000
BB20024,BB20,clustalo,0.8430,0.0000
BB20024,BB20,mafft,0.8410,0.0000
BB20024,BB20,muscle,0.8410,0.0000
BB20024,BB20,probcons,0.8410,0.0000
BB20029,BB20,builtin,0.8190,0.0000
BB20029,BB20,clustalo,0.8000,0.0000
BB20029,BB20,mafft,0.8570,0.0000
BB20029,BB20,muscle,0.8160,0.0000
BB20029,BB20,probcons,0.8160,0.0000
BB20030,BB20,builtin,0.8950,0.0000
BB20030,BB20,clustalo,0.8960,0.0000
BB20030,BB20,mafft,0.9400,0.4300
BB20030,BB20,muscle,0.9140,0.3100
BB20030,BB20,probcons,0.9140,0.2100
BB20031,BB20,builtin,0.7800,0.1200
BB20031,BB20,clustalo,0.9170,0.2000
BB20031,BB20,mafft,0.9120,0.1500
BB20031,BB20,muscle,0.9050,0.1600
BB20031,BB20,probcons,0.9050,0.1600
BB20032,BB20,builtin,0.9520,0.1200
BB20032,BB20,clustalo,0.9760,0.6600
BB20032,BB20,mafft,0.9810,0.6300
BB20032,BB20,muscle,0.9720,0.6000
BB20032,BB20,probcons,0.9680,0.5400
BB20033,BB20,builtin,0.9510,0.2500
BB20033,BB20,clustalo,0.9470,0.4500
BB20033,BB20,mafft,0.9590,0.5200
BB20033,BB20,muscle,0.9510,0.2500
BB20033,BB20,probcons,0.9480,0.4500
BB20038,BB20,builtin,0.9770,0.5100
BB20038,BB20,clustalo,0.9630,0.4200
BB20038,BB20,mafft,0.9810,0.6000
BB20038,BB20,muscle,0.9710,0.5700
BB20038,BB20,probcons,0.9580,0.5400
BBS11001,BBS1,builtin,1.0000,1.0000
BBS11001,BBS1,clustalo,0.9120,0.8200
BBS11001,BBS1,mafft,0.9420,0.9100
BBS11001,BBS1,muscle,1.0000,1.0000
BBS11001,BBS1,prank,0.9470,0.8900
BBS11001,BBS1,probcons,1.0000,1.0000
BBS11002,BBS1,builtin,0.8380,0.3500
BBS11002,BBS1,clustalo,0.8380,0.3500
BBS11002,BBS1,mafft,0.8380,0.3500
BBS11002,BBS1,muscle,0.8380,0.3500
BBS11002,BBS1,prank,0.8380,0.3500
BBS11002,BBS1,probcons,0.8380,0.3500
BBS11003,BBS1,builtin,0.7880,0.6400
BBS11003,BBS1,clustalo,0.6440,0.4800
BBS11003,BBS1,mafft,0.7660,0.6100
BBS11003,BBS1,muscle,0.8050,0.6700
BBS11003,BBS1,prank,0.6890,0.5500
BBS11003,BBS1,probcons,0.8040,0.6700
BBS11004,BBS1,builtin,0.6700,0.5400
BBS11004,BBS1,clustalo,0.4040,0.2100
BBS11004,BBS1,mafft,0.6170,0.4500
BBS11004,BBS1,muscle,0.7630,0.6300
BBS11004,BBS1,prank,0.6670,0.5300
BBS11004,BBS1,probcons,0.7640,0.6300
BBS11005,BBS1,builtin,0.5490,0.2300
BBS11005,BBS1,clustalo,0.4650,0.2000
BBS11005,BBS1,mafft,0.5890,0.2900
BBS11005,BBS1,muscle,0.5770,0.2700
BBS11005,BBS1,prank,0.4910,0.1800
BBS11005,BBS1,probcons,0.5840,0.2900
BBS11006,BBS1,builtin,0.5650,0.2500
BBS11006,BBS1,clustalo,0.4650,0.2900
BBS11006,BBS1,mafft,0.5970,0.4500
BBS11006,BBS1,muscle,0.6190,0.4300
BBS11006,BBS1,prank,0.3420,0.0600
BBS11006,BBS1,probcons,0.6430,0.4300
BBS11007,BBS1,builtin,0.8670,0.7100
BBS11007,BBS1,clustalo,0.7440,0.5700
BBS11007,BBS1,mafft,0.8210,0.6400
BBS11007,BBS1,muscle,0.8430,0.6600
BBS11007,BBS1,prank,0.6180,0.2100
BBS11007,BBS1,probcons,0.8720,0.7100
BBS11008,BBS1,builtin,0.8500,0.7700
BBS11008,BBS1,clustalo,0.7280,0.6700
BBS11008,BBS1,mafft,0.7820,0.6700
BBS11008,BBS1,muscle,0.8610,0.7900
BBS11008,BBS1,prank,0.6600,0.4000
BBS11008,BBS1,probcons,0.8200,0.7100
BBS11009,BBS1,builtin,0.8610,0.8100
BBS11009,BBS1,clustalo,0.7580,0.6100
BBS11009,BBS1,mafft,0.8470,0.8000
BBS11009,BBS1,muscle,0.8610,0.8300
BBS11009,BBS1,prank,0.6970,0.6100
BBS11009,BBS1,probcons,0.8610,0.8300
BBS11010,BBS1,builtin,0.7520,0.6200
BBS11010,BBS1,clustalo,0.7630,0.6400
BBS11010,BBS1,mafft,0.6710,0.4700
BBS11010,BBS1,muscle,0.7970,0.6700
BBS11010,BBS1,prank,0.6320,0.4200
BBS11010,BBS1,probcons,0.7950,0.6700
BBS11011,BBS1,builtin,0.7260,0.5600
BBS11011,BBS1,clustalo,0.3260,0.2300
BBS11011,BBS1,mafft,0.6650,0.3900
BBS11011,BBS1,muscle,0.6670,0.4100
BBS11011,BBS1,prank,0.4090,0.1900
BBS11011,BBS1,probcons,0.6150,0.2800
BBS11012,BBS1,builtin,0.9490,0.9200
BBS11012,BBS1,clustalo,0.9420,0.9100
BBS11012,BBS1,mafft,0.9350,0.8900
BBS11012,BBS1,muscle,0.9510,0.9200
BBS11012,BBS1,prank,0.9040,0.8400
BBS11012,BBS1,probcons,0.9510,0.9200
BBS11013,BBS1,builtin,0.7690,0.5100
BBS11013,BBS1,clustalo,0.0340,0.0000
BBS11013,BBS1,mafft,0.1030,0.0000
BBS11013,BBS1,muscle,0.9310,0.8900
BBS11013,BBS1,prank,0.0550,0.0000
BBS11013,BBS1,probcons,0.9310,0.8900
BBS11014,BBS1,builtin,0.9040,0.8300
BBS11014,BBS1,clustalo,0.8530,0.7600
BBS11014,BBS1,mafft,0.8700,0.7700
BBS11014,BBS1,muscle,0.8920,0.8000
BBS11014,BBS1,prank,0.7990,0.5900
BBS11014,BBS1,probcons,0.8870,0.7800
BBS11015,BBS1,builtin,0.8430,0.7500
BBS11015,BBS1,clustalo,0.8060,0.7000
BBS11015,BBS1,mafft,0.8000,0.6700
BBS11015,BBS1,muscle,0.8080,0.7000
BBS11015,BBS1,prank,0.7270,0.5600
BBS11015,BBS1,probcons,0.8060,0.7000
BBS11016,BBS1,builtin,0.8140,0.5800
BBS11016,BBS1,clustalo,0.8470,0.6400
BBS11016,BBS1,mafft,0.8240,0.5600
BBS11016,BBS1,muscle,0.8190,0.5500
BBS11016,BBS1,prank,0.5840,0.2300
BBS11016,BBS1,probcons,0.8680,0.6500
BBS11017,BBS1,builtin,0.9230,0.8700
BBS11017,BBS1,clustalo,0.8920,0.8200
BBS11017,BBS1,mafft,0.8750,0.8100
BBS11017,BBS1,muscle,0.9160,0.8600
BBS11017,BBS1,prank,0.8270,0.6700
BBS11017,BBS1,probcons,0.7990,0.6800
BBS11018,BBS1,builtin,0.8630,0.6300
BBS11018,BBS1,clustalo,0.7360,0.4500
BBS11018,BBS1,mafft,0.8750,0.6100
BBS11018,BBS1,muscle,0.9290,0.7600
BBS11018,BBS1,prank,0.6370,0.3900
BBS11018,BBS1,probcons,0.8800,0.6500
BBS11019,BBS1,builtin,0.8290,0.4700
BBS11019,BBS1,clustalo,0.6300,0.2200
BBS11019,BBS1,mafft,0.7810,0.4000
BBS11019,BBS1,muscle,0.8430,0.4800
BBS11019,BBS1,prank,0.5410,0.0600
BBS11019,BBS1,probcons,0.8070,0.4400
BBS11020,BBS1,builtin,0.8150,0.6400
BBS11020,BBS1,clustalo,0.7130,0.3300
BBS11020,BBS1,mafft,0.8810,0.6200
BBS11020,BBS1,muscle,0.8860,0.7300
BBS11020,BBS1,prank,0.6240,0.3200
BBS11020,BBS1,probcons,0.8570,0.7400
BBS11021,BBS1,builtin,0.9180,0.8300
BBS11021,BBS1,clustalo,0.6020,0.4800
BBS11021,BBS1,mafft,0.8710,0.7500
BBS11021,BBS1,muscle,0.8910,0.7900
BBS11021,BBS1,prank,0.7410,0.5700
BBS11021,BBS1,probcons,0.8980,0.7900
BBS11022,BBS1,builtin,0.9700,0.9300
BBS11022,BBS1,clustalo,0.2830,0.0000
BBS11022,BBS1,mafft,0.4800,0.3000
BBS11022,BBS1,muscle,0.8940,0.7800
BBS11022,BBS1,prank,0.3790,0.1200
BBS11022,BBS1,probcons,0.9390,0.8700
BBS11023,BBS1,builtin,0.7460,0.4800
BBS11023,BBS1,clustalo,0.6430,0.4200
BBS11023,BBS1,mafft,0.7310,0.5300
BBS11023,BBS1,muscle,0.7750,0.5600
BBS11023,BBS1,prank,0.5370,0.2100
BBS11023,BBS1,probcons,0.7650,0.5600
BBS11024,BBS1,builtin,0.5020,0.3000
BBS11024,BBS1,clustalo,0.3820,0.0800
BBS11024,BBS1,mafft,0.3790,0.1300
BBS11024,BBS1,muscle,0.7060,0.5300
BBS11024,BBS1,prank,0.4270,0.1900
BBS11024,BBS1,probcons,0.6840,0.5400
BBS11025,BBS1,builtin,0.7370,0.6800
BBS11025,BBS1,clustalo,0.1670,0.0000
BBS11025,BBS1,mafft,0.1750,0.0000
BBS11025,BBS1,muscle,0.7370,0.6800
BBS11025,BBS1,prank,0.3330,0.0000
BBS11025,BBS1,probcons,0.7370,0.6800
BBS11026,BBS1,builtin,0.6300,0.3000
BBS11026,BBS1,clustalo,0.4070,0.0000
BBS11026,BBS1,mafft,0.2200,0.0000
BBS11026,BBS1,muscle,0.6920,0.3000
BBS11026,BBS1,prank,0.4430,0.0000
BBS11026,BBS1,probcons,0.6920,0.3000
BBS11027,BBS1,builtin,0.6080,0.3100
BBS11027,BBS1,clustalo,0.5640,0.3200
BBS11027,BBS1,mafft,0.6490,0.4400
BBS11027,BBS1,muscle,0.7260,0.5400
BBS11027,BBS1,prank,0.5010,0.2100
BBS11027,BBS1,probcons,0.7150,0.5200
BBS11028,BBS1,builtin,0.9810,0.9500
BBS11028,BBS1,clustalo,0.9030,0.6000
BBS11028,BBS1,mafft,0.9730,0.9500
BBS11028,BBS1,muscle,1.0000,1.0000
BBS11028,BBS1,prank,0.7190,0.2000
BBS11028,BBS1,probcons,1.0000,1.0000
BBS11029,BBS1,builtin,0.6110,0.5600
BBS11029,BBS1,clustalo,0.4580,0.3700
BBS11029,BBS1,mafft,0.4310,0.2900
BBS11029,BBS1,muscle,0.6110,0.5600
BBS11029,BBS1,prank,0.4480,0.3500
BBS11029,BBS1,probcons,0.6270,0.5800
BBS11030,BBS1,builtin,0.7780,0.1100
BBS11030,BBS1,clustalo,0.6590,0.1300
BBS11030,BBS1,mafft,0.8300,0.5200
BBS11030,BBS1,muscle,0.8350,0.4300
BBS11030,BBS1,prank,0.4100,0.0000
BBS11030,BBS1,probcons,0.8330,0.4400
BBS11031,BBS1,builtin,0.6310,0.2600
BBS11031,BBS1,clustalo,0.6000,0.0700
BBS11031,BBS1,mafft,0.7400,0.4100
BBS11031,BBS1,muscle,0.7900,0.5200
BBS11031,BBS1,prank,0.4190,0.0200
BBS11031,BBS1,probcons,0.7570,0.3500
BBS11032,BBS1,builtin,0.9150,0.6900
BBS11032,BBS1,clustalo,0.8170,0.4800
BBS11032,BBS1,mafft,0.8800,0.7100
BBS11032,BBS1,muscle,0.9430,0.8000
BBS11032,BBS1,prank,0.7610,0.5200
BBS11032,BBS1,probcons,0.9010,0.6700
BBS11033,BBS1,builtin,0.9150,0.7200
BBS11033,BBS1,clustalo,0.5010,0.0000
BBS11033,BBS1,mafft,0.7000,0.2700
BBS11033,BBS1,muscle,0.9190,0.5500
BBS11033,BBS1,prank,0.6180,0.0000
BBS11033,BBS1,probcons,0.9820,0.9400
BBS11034,BBS1,builtin,0.8700,0.5800
BBS11034,BBS1,clustalo,0.7400,0.3500
BBS11034,BBS1,mafft,0.8580,0.6300
BBS11034,BBS1,muscle,0.8750,0.6000
BBS11034,BBS1,prank,0.6260,0.1900
BBS11034,BBS1,probcons,0.8400,0.5000
BBS11035,BBS1,builtin,0.7410,0.6700
BBS11035,BBS1,clustalo,0.5540,0.1800
BBS11035,BBS1,mafft,0.7410,0.6700
BBS11035,BBS1,muscle,0.7840,0.6700
BBS11035,BBS1,prank,0.6430,0.4300
BBS11035,BBS1,probcons,0.7840,0.6700
BBS11036,BBS1,builtin,0.7450,0.4600
BBS11036,BBS1,clustalo,0.6020,0.3900
BBS11036,BBS1,mafft,0.7190,0.3200
BBS11036,BBS1,muscle,0.7100,0.4500
BBS11036,BBS1,prank,0.4250,0.0700
BBS11036,BBS1,probcons,0.7100,0.4400
BBS11037,BBS1,builtin,0.5570,0.2200
BBS11037,BBS1,clustalo,0.5910,0.3600
BBS11037,BBS1,mafft,0.5440,0.2900
BBS11037,BBS1,muscle,0.6410,0.3500
BBS11037,BBS1,prank,0.4220,0.1900
BBS11037,BBS1,probcons,0.6390,0.3500
BBS11038,BBS1,builtin,0.9150,0.7500
BBS11038,BBS1,clustalo,0.8080,0.6500
BBS11038,BBS1,mafft,0.8230,0.5800
BBS11038,BBS1,muscle,0.9150,0.7800
BBS11038,BBS1,prank,0.7420,0.5000
BBS11038,BBS1,probcons,0.9080,0.7500
BBS12001,BBS1,builtin,0.9200,0.8100
BBS12001,BBS1,clustalo,0.8790,0.7400
BBS12001,BBS1,mafft,0.9360,0.8200
BBS12001,BBS1,muscle,0.9300,0.8100
BBS12001,BBS1,prank,0.8670,0.6400
BBS12001,BBS1,probcons,0.9260,0.8100
BBS12002,BBS1,builtin,0.8860,0.6900
BBS12002,BBS1,clustalo,0.9110,0.7600
BBS12002,BBS1,mafft,0.9020,0.7100
BBS12002,BBS1,muscle,0.9050,0.7400
BBS12002,BBS1,prank,0.8730,0.7000
BBS12002,BBS1,probcons,0.9050,0.7200
BBS12003,BBS1,builtin,0.9880,0.9700
BBS12003,BBS1,clustalo,0.9510,0.8600
BBS12003,BBS1,mafft,0.9780,0.9400
BBS12003,BBS1,muscle,0.9850,0.9700
BBS12003,BBS1,prank,0.9030,0.7800
BBS12003,BBS1,probcons,0.9850,0.9700
BBS12004,BBS1,builtin,0.9540,0.7100
BBS12004,BBS1,clustalo,0.9290,0.6500
BBS12004,BBS1,mafft,0.9790,0.8900
BBS12004,BBS1,muscle,0.9790,0.8800
BBS12004,BBS1,prank,0.9080,0.5700
BBS12004,BBS1,probcons,0.9800,0.8900
BBS12005,BBS1,builtin,0.9520,0.8400
BBS12005,BBS1,clustalo,0.9200,0.7700
BBS12005,BBS1,mafft,0.9460,0.8400
BBS12005,BBS1,muscle,0.9750,0.9200
BBS12005,BBS1,prank,0.9000,0.7100
BBS12005,BBS1,probcons,0.9760,0.9200
BBS12006,BBS1,builtin,0.9940,0.9800
BBS12006,BBS1,clustalo,0.9580,0.9300
BBS12006,BBS1,mafft,0.9470,0.9100
BBS12006,BBS1,muscle,0.9940,0.9800
BBS12006,BBS1,prank,0.9330,0.8900
BBS12006,BBS1,probcons,0.9940,0.9800
BBS12007,BBS1,builtin,0.9070,0.7700
BBS12007,BBS1,clustalo,0.8850,0.7500
BBS12007,BBS1,mafft,0.9040,0.7800
BBS12007,BBS1,muscle,0.9110,0.7900
BBS12007,BBS1,prank,0.8340,0.6700
BBS12007,BBS1,probcons,0.9090,0.7900
BBS12008,BBS1,builtin,0.9640,0.8400
BBS12008,BBS1,clustalo,0.9500,0.8400
BBS12008,BBS1,mafft,0.9510,0.8600
BBS12008,BBS1,muscle,0.9630,0.8500
BBS12008,BBS1,prank,0.9000,0.6900
BBS12008,BBS1,probcons,0.9680,0.8800
BBS12009,BBS1,builtin,0.9140,0.7900
BBS12009,BBS1,clustalo,0.8190,0.5400
BBS12009,BBS1,mafft,0.8440,0.6000
BBS12009,BBS1,muscle,0.8450,0.6200
BBS12009,BBS1,prank,0.8470,0.6200
BBS12009,BBS1,probcons,0.8520,0.6400
BBS12010,BBS1,builtin,0.9550,0.8700
BBS12010,BBS1,clustalo,0.9470,0.8700
BBS12010,BBS1,mafft,0.9590,0.8700
BBS12010,BBS1,muscle,0.9560,0.8700
BBS12010,BBS1,prank,0.8860,0.7200
BBS12010,BBS1,probcons,0.9640,0.8700
BBS12011,BBS1,builtin,0.8560,0.5400
BBS12011,BBS1,clustalo,0.8030,0.5200
BBS12011,BBS1,mafft,0.8410,0.5700
BBS12011,BBS1,muscle,0.8670,0.5700
BBS12011,BBS1,prank,0.7610,0.4900
BBS12011,BBS1,probcons,0.8560,0.5600
BBS12012,BBS1,builtin,0.8210,0.7000
BBS12012,BBS1,clustalo,0.7700,0.6200
BBS12012,BBS1,mafft,0.8040,0.6700
BBS12012,BBS1,muscle,0.8170,0.6800
BBS12012,BBS1,prank,0.7760,0.6300
BBS12012,BBS1,probcons,0.8170,0.6800
BBS12013,BBS1,builtin,0.9780,0.9300
BBS12013,BBS1,clustalo,0.9640,0.8900
BBS12013,BBS1,mafft,0.9760,0.9300
BBS12013,BBS1,muscle,0.9790,0.9300
BBS12013,BBS1,prank,0.9430,0.8600
BBS12013,BBS1,probcons,0.9790,0.9300
BBS12014,BBS1,builtin,1.0000,1.0000
BBS12014,BBS1,clustalo,0.9950,0.9700
BBS12014,BBS1,mafft,1.0000,1.0000
BBS12014,BBS1,muscle,1.0000,1.0000
BBS12014,BBS1,prank,0.9950,0.9700
BBS12014,BBS1,probcons,1.0000,1.0000
BBS12015,BBS1,builtin,1.0000,1.0000
BBS12015,BBS1,clustalo,0.9820,0.9600
BBS12015,BBS1,mafft,1.0000,1.0000
BBS12015,BBS1,muscle,0.9970,0.9800
BBS12015,BBS1,prank,0.9620,0.8800
BBS12015,BBS1,probcons,0.9970,0.9800
BBS12016,BBS1,builtin,0.9210,0.8200
BBS12016,BBS1,clustalo,0.8420,0.7300
BBS12016,BBS1,mafft,0.9140,0.7900
BBS12016,BBS1,muscle,0.9360,0.8400
BBS12016,BBS1,prank,0.8120,0.6000
BBS12016,BBS1,probcons,0.9320,0.8400
BBS12017,BBS1,builtin,0.9770,0.9300
BBS12017,BBS1,clustalo,0.9730,0.9100
BBS12017,BBS1,mafft,0.9770,0.9200
BBS12017,BBS1,muscle,0.9800,0.9300
BBS12017,BBS1,prank,0.9530,0.8600
BBS12017,BBS1,probcons,0.9800,0.9300
BBS12018,BBS1,builtin,0.9600,0.9200
BBS12018,BBS1,clustalo,0.9490,0.9100
BBS12018,BBS1,mafft,0.9610,0.9200
BBS12018,BBS1,muscle,0.9610,0.9200
BBS12018,BBS1,prank,0.9390,0.9000
BBS12018,BBS1,probcons,0.9620,0.9200
BBS12019,BBS1,builtin,0.9420,0.8800
BBS12019,BBS1,clustalo,0.9220,0.8400
BBS12019,BBS1,mafft,0.9380,0.8700
BBS12019,BBS1,muscle,0.9400,0.8800
BBS12019,BBS1,prank,0.9010,0.8100
BBS12019,BBS1,probcons,0.9400,0.8800
BBS12020,BBS1,builtin,0.9860,0.9700
BBS12020,BBS1,clustalo,0.3290,0.0000
BBS12020,BBS1,mafft,0.9660,0.9400
BBS12020,BBS1,muscle,0.9780,0.9500
BBS12020,BBS1,prank,0.9230,0.8800
BBS12020,BBS1,probcons,0.9780,0.9500
BBS12021,BBS1,builtin,0.9740,0.9200
BBS12021,BBS1,clustalo,0.9400,0.8200
BBS12021,BBS1,mafft,0.9380,0.8900
BBS12021,BBS1,muscle,0.9830,0.9400
BBS12021,BBS1,prank,0.8870,0.8400
BBS12021,BBS1,probcons,0.9830,0.9400
BBS12022,BBS1,builtin,1.0000,1.0000
BBS12022,BBS1,clustalo,0.9800,0.9600
BBS12022,BBS1,mafft,1.0000,1.0000
BBS12022,BBS1,muscle,1.0000,1.0000
BBS12022,BBS1,prank,0.9530,0.9200
BBS12022,BBS1,probcons,1.0000,1.0000
BBS12023,BBS1,builtin,0.9390,0.8800
BBS12023,BBS1,clustalo,0.9300,0.8500
BBS12023,BBS1,mafft,0.9390,0.8700
BBS12023,BBS1,muscle,0.9190,0.8400
BBS12023,BBS1,prank,0.8350,0.7200
BBS12023,BBS1,probcons,0.9220,0.8500
BBS12024,BBS1,builtin,0.9940,0.9800
BBS12024,BBS1,clustalo,0.9960,0.9900
BBS12024,BBS1,mafft,0.9750,0.9500
BBS12024,BBS1,muscle,0.9940,0.9800
BBS12024,BBS1,prank,0.9620,0.9300
BBS12024,BBS1,probcons,0.9940,0.9800
BBS12025,BBS1,builtin,1.0000,1.0000
BBS12025,BBS1,clustalo,0.9270,0.9200
BBS12025,BBS1,mafft,0.9300,0.8500
BBS12025,BBS1,muscle,1.0000,1.0000
BBS12025,BBS1,prank,0.8780,0.7900
BBS12025,BBS1,probcons,1.0000,1.0000
BBS12026,BBS1,builtin,0.9600,0.7800
BBS12026,BBS1,clustalo,0.9310,0.7500
BBS12026,BBS1,mafft,0.9510,0.7600
BBS12026,BBS1,muscle,0.9550,0.7700
BBS12026,BBS1,prank,0.8740,0.5900
BBS12026,BBS1,probcons,0.9540,0.7700
BBS12027,BBS1,builtin,0.9810,0.9100
BBS12027,BBS1,clustalo,0.9640,0.8800
BBS12027,BBS1,mafft,0.9840,0.9100
BBS12027,BBS1,muscle,0.9780,0.8900
BBS12027,BBS1,prank,0.9120,0.6500
BBS12027,BBS1,probcons,0.9770,0.8900
BBS12028,BBS1,builtin,0.9710,0.9100
BBS12028,BBS1,clustalo,0.9280,0.8000
BBS12028,BBS1,mafft,0.9640,0.9100
BBS12028,BBS1,muscle,0.9700,0.9300
BBS12028,BBS1,prank,0.9340,0.8200
BBS12028,BBS1,probcons,0.9680,0.9200
BBS12029,BBS1,builtin,0.9920,0.9700
BBS12029,BBS1,clustalo,0.9710,0.8700
BBS12029,BBS1,mafft,0.9850,0.9600
BBS12029,BBS1,muscle,0.9940,0.9700
BBS12029,BBS1,prank,0.9490,0.8600
BBS12029,BBS1,probcons,0.9900,0.9700
BBS12030,BBS1,builtin,0.9870,0.9700
BBS12030,BBS1,clustalo,0.9780,0.9400
BBS12030,BBS1,mafft,0.9760,0.9300
BBS12030,BBS1,muscle,0.9850,0.9600
BBS12030,BBS1,prank,0.9630,0.9100
BBS12030,BBS1,probcons,0.9810,0.9500
BBS12031,BBS1,builtin,0.8770,0.7400
BBS12031,BBS1,clustalo,0.8710,0.7400
BBS12031,BBS1,mafft,0.8740,0.7500
BBS12031,BBS1,muscle,0.8800,0.7500
BBS12031,BBS1,prank,0.8420,0.7000
BBS12031,BBS1,probcons,0.8770,0.7400
BBS12032,BBS1,builtin,0.9920,0.9600
BBS12032,BBS1,clustalo,0.8470,0.5900
BBS12032,BBS1,mafft,0.9710,0.9200
BBS12032,BBS1,muscle,0.9920,0.9600
BBS12032,BBS1,prank,0.8450,0.4800
BBS12032,BBS1,probcons,0.9920,0.9600
BBS12033,BBS1,builtin,0.8990,0.8200
BBS12033,BBS1,clustalo,0.8380,0.7300
BBS12033,BBS1,mafft,0.9090,0.8100
BBS12033,BBS1,muscle,0.9060,0.8200
BBS12033,BBS1,prank,0.8270,0.6800
BBS12033,BBS1,probcons,0.9040,0.8100
BBS12034,BBS1,builtin,0.9240,0.8600
BBS12034,BBS1,clustalo,0.9280,0.8600
BBS12034,BBS1,mafft,0.9210,0.8500
BBS12034,BBS1,muscle,0.9220,0.8600
BBS12034,BBS1,prank,0.8980,0.8000
BBS12034,BBS1,probcons,0.9220,0.8600
BBS12035,BBS1,builtin,0.9940,0.9100
BBS12035,BBS1,clustalo,0.9820,0.8000
BBS12035,BBS1,mafft,0.9910,0.8800
BBS12035,BBS1,muscle,0.9950,0.9300
BBS12035,BBS1,prank,0.9410,0.7000
BBS12035,BBS1,probcons,0.9950,0.9300
BBS12036,BBS1,builtin,0.9930,0.9800
BBS12036,BBS1,clustalo,0.9830,0.9500
BBS12036,BBS1,mafft,0.9760,0.9500
BBS12036,BBS1,muscle,0.9950,0.9800
BBS12036,BBS1,prank,0.9530,0.9000
BBS12036,BBS1,probcons,0.9950,0.9800
BBS12037,BBS1,builtin,0.9340,0.7500
BBS12037,BBS1,clustalo,0.9010,0.6800
BBS12037,BBS1,mafft,0.9310,0.7400
BBS12037,BBS1,muscle,0.9460,0.7900
BBS12037,BBS1,prank,0.7900,0.4600
BBS12037,BBS1,probcons,0.9460,0.8000
BBS12038,BBS1,builtin,0.9790,0.9400
BBS12038,BBS1,clustalo,0.9530,0.8900
BBS12038,BBS1,mafft,0.9540,0.8900
BBS12038,BBS1,muscle,0.9750,0.9400
BBS12038,BBS1,prank,0.9200,0.7700
BBS12038,BBS1,probcons,0.9770,0.9400
BBS12039,BBS1,builtin,0.9390,0.8200
BBS12039,BBS1,clustalo,0.8850,0.7100
BBS12039,BBS1,mafft,0.9790,0.8800
BBS12039,BBS1,muscle,0.9410,0.8500
BBS12039,BBS1,prank,0.7610,0.4500
BBS12039,BBS1,probcons,0.9260,0.8200
BBS12040,BBS1,builtin,0.9890,0.9700
BBS12040,BBS1,clustalo,0.9790,0.9400
BBS12040,BBS1,mafft,0.9930,0.9800
BBS12040,BBS1,muscle,0.9920,0.9700
BBS12040,BBS1,prank,0.9500,0.8900
BBS12040,BBS1,probcons,0.9920,0.9700
BBS12041,BBS1,builtin,0.9040,0.7100
BBS12041,BBS1,clustalo,0.8180,0.4100
BBS12041,BBS1,mafft,0.8490,0.5800
BBS12041,BBS1,muscle,0.9220,0.7600
BBS12041,BBS1,prank,0.7860,0.5400
BBS12041,BBS1,probcons,0.9220,0.7600
BBS12042,BBS1,builtin,0.7940,0.7100
BBS12042,BBS1,clustalo,0.6780,0.5400
BBS12042,BBS1,mafft,0.7830,0.6800
BBS12042,BBS1,muscle,0.7880,0.6800
BBS12042,BBS1,prank,0.6920,0.5500
BBS12042,BBS1,probcons,0.7890,0.6800
BBS12043,BBS1,builtin,0.9940,0.9000
BBS12043,BBS1,clustalo,0.9840,0.8100
BBS12043,BBS1,mafft,0.9880,0.8100
BBS12043,BBS1,muscle,0.9920,0.9100
BBS12043,BBS1,prank,0.8550,0.6500
BBS12043,BBS1,probcons,0.9920,0.8500
BBS12044,BBS1,builtin,0.9220,0.7800
BBS12044,BBS1,clustalo,0.9210,0.7900
BBS12044,BBS1,mafft,0.9050,0.7600
BBS12044,BBS1,muscle,0.9230,0.7900
BBS12044,BBS1,prank,0.8100,0.5500
BBS12044,BBS1,probcons,0.9230,0.8000
BBS20001,BBS2,builtin,1.0000,1.0000
BBS20001,BBS2,clustalo,0.9680,0.7600
BBS20001,BBS2,mafft,0.9980,0.9800
BBS20001,BBS2,muscle,0.9980,0.9800
BBS20001,BBS2,probcons,0.9980,0.9800
BBS20002,BBS2,builtin,0.9260,0.3100
BBS20002,BBS2,clustalo,0.9000,0.0000
BBS20002,BBS2,mafft,0.9260,0.3700
BBS20002,BBS2,muscle,0.9260,0.3100
BBS20002,BBS2,probcons,0.9380,0.5000
BBS20004,BBS2,builtin,0.9810,0.7400
BBS20004,BBS2,clustalo,0.9810,0.7800
BBS20004,BBS2,mafft,0.9860,0.7900
BBS20004,BBS2,muscle,0.9850,0.7900
BBS20004,BBS2,probcons,0.9850,0.7900
BBS20005,BBS2,builtin,0.7890,0.1200
BBS20005,BBS2,clustalo,0.7880,0.1400
BBS20005,BBS2,mafft,0.8630,0.3000
BBS20005,BBS2,muscle,0.8360,0.2400
BBS20005,BBS2,probcons,0.8280,0.2600
BBS20006,BBS2,builtin,0.9710,0.6600
BBS20006,BBS2,clustalo,0.9590,0.6200
BBS20006,BBS2,mafft,0.9800,0.7100
BBS20006,BBS2,muscle,0.9780,0.6300
BBS20006,BBS2,probcons,0.9770,0.6100
BBS20007,BBS2,builtin,0.8830,0.4600
BBS20007,BBS2,clustalo,0.8810,0.5100
BBS20007,BBS2,mafft,0.9040,0.5100
BBS20007,BBS2,muscle,0.9090,0.5500
BBS20007,BBS2,probcons,0.9220,0.6200
BBS20008,BBS2,builtin,0.9420,0.3100
BBS20008,BBS2,clustalo,0.9320,0.3100
BBS20008,BBS2,mafft,0.9480,0.3600
BBS20008,BBS2,muscle,0.9480,0.3600
BBS20008,BBS2,probcons,0.9540,0.3600
BBS20009,BBS2,builtin,0.9830,0.7500
BBS20009,BBS2,clustalo,0.9770,0.6600
BBS20009,BBS2,mafft,0.9660,0.5000
BBS20009,BBS2,muscle,0.9770,0.6600
BBS20009,BBS2,probcons,0.9770,0.6600
BBS20010,BBS2,builtin,0.9380,0.5500
BBS20010,BBS2,clustalo,0.9250,0.5600
BBS20010,BBS2,mafft,0.9200,0.5300
BBS20010,BBS2,muscle,0.9320,0.5700
BBS20010,BBS2,probcons,0.9290,0.5500
BBS20011,BBS2,builtin,0.9770,0.8600
BBS20011,BBS2,clustalo,0.9250,0.6800
BBS20011,BBS2,mafft,0.9480,0.6800
BBS20011,BBS2,muscle,0.9770,0.8600
BBS20011,BBS2,probcons,0.9790,0.8800
BBS20012,BBS2,builtin,0.8370,0.4200
BBS20012,BBS2,clustalo,0.8370,0.3400
BBS20012,BBS2,mafft,0.8380,0.3600
BBS20012,BBS2,muscle,0.8520,0.5100
BBS20012,BBS2,probcons,0.8620,0.5800
BBS20013,BBS2,builtin,0.9860,0.9100
BBS20013,BBS2,clustalo,0.9780,0.8100
BBS20013,BBS2,mafft,0.9830,0.8800
BBS20013,BBS2,muscle,0.9830,0.9300
BBS20013,BBS2,probcons,0.9790,0.8700
BBS20014,BBS2,builtin,0.9870,0.8100
BBS20014,BBS2,clustalo,0.9800,0.5900
BBS20014,BBS2,mafft,0.9850,0.7500
BBS20014,BBS2,muscle,0.9850,0.7500
BBS20014,BBS2,probcons,0.9850,0.7500
BBS20015,BBS2,builtin,0.9380,0.6400
BBS20015,BBS2,clustalo,0.8760,0.0000
BBS20015,BBS2,mafft,0.8920,0.0000
BBS20015,BBS2,muscle,0.9760,0.6000
BBS20015,BBS2,probcons,0.9940,0.9200
BBS20016,BBS2,builtin,0.9350,0.5300
BBS20016,BBS2,clustalo,0.9330,0.6600
BBS20016,BBS2,mafft,0.9300,0.6100
BBS20016,BBS2,muscle,0.9590,0.6400
BBS20016,BBS2,probcons,0.9620,0.6700
BBS20017,BBS2,builtin,0.9860,0.7500
BBS20017,BBS2,clustalo,0.9870,0.7600
BBS20017,BBS2,mafft,0.9890,0.8100
BBS20017,BBS2,muscle,0.9870,0.7500
BBS20017,BBS2,probcons,0.9880,0.7800
BBS20018,BBS2,builtin,0.9790,0.8300
BBS20018,BBS2,clustalo,0.9820,0.9000
BBS20018,BBS2,mafft,0.9780,0.8500
BBS20018,BBS2,muscle,0.9780,0.8500
BBS20018,BBS2,probcons,0.9810,0.8900
BBS20019,BBS2,builtin,0.8910,0.3200
BBS20019,BBS2,clustalo,0.9150,0.4800
BBS20019,BBS2,mafft,0.8960,0.3100
BBS20019,BBS2,muscle,0.9120,0.3400
BBS20019,BBS2,probcons,0.9150,0.4400
BBS20020,BBS2,builtin,0.9570,0.8400
BBS20020,BBS2,clustalo,0.9330,0.7700
BBS20020,BBS2,mafft,0.9420,0.7600
BBS20020,BBS2,muscle,0.9480,0.7700
BBS20020,BBS2,probcons,0.9490,0.7800
BBS20021,BBS2,builtin,0.9600,0.5100
BBS20021,BBS2,clustalo,0.9480,0.4800
BBS20021,BBS2,mafft,0.9560,0.4900
BBS20021,BBS2,muscle,0.9590,0.5200
BBS20021,BBS2,probcons,0.9630,0.5200
BBS20022,BBS2,builtin,0.8960,0.4200
BBS20022,BBS2,mafft,0.8860,0.4200
BB11001,BB11,clustalw,1.0000,1.0000
BB11002,BB11,clustalw,0.5460,0.0000
BB11003,BB11,clustalw,0.6990,0.5300
BB11004,BB11,clustalw,0.1880,0.0000
BB11005,BB11,clustalw,0.4340,0.1400
BB11006,BB11,clustalw,0.3070,0.0000
BB11007,BB11,clustalw,0.6660,0.3500
BB11008,BB11,clustalw,0.6430,0.6100
BB11009,BB11,clustalw,0.3390,0.0000
BB11010,BB11,clustalw,0.3630,0.0000
BB11011,BB11,clustalw,0.3570,0.1900
BB11012,BB11,clustalw,0.9310,0.8900
BB11013,BB11,clustalw,0.1000,0.0000
BB11014,BB11,clustalw,0.8180,0.6800
BB11015,BB11,clustalw,0.6850,0.4700
BB11016,BB11,clustalw,0.5150,0.0000
BB11017,BB11,clustalw,0.7540,0.6000
BB11018,BB11,clustalw,0.6350,0.3300
BB11019,BB11,clustalw,0.5870,0.1500
BB11020,BB11,clustalw,0.7180,0.4500
BB11021,BB11,clustalw,0.2520,0.0000
BB11022,BB11,clustalw,0.2730,0.0000
BB11023,BB11,clustalw,0.5560,0.3100
BB11024,BB11,clustalw,0.1780,0.0000
BB11025,BB11,clustalw,0.1140,0.0000
BB11026,BB11,clustalw,0.3300,0.0000
BB11027,BB11,clustalw,0.3410,0.0000
BB11028,BB11,clustalw,0.6490,0.0000
BB11029,BB11,clustalw,0.5030,0.4700
BB11030,BB11,clustalw,0.4300,0.1800
BB11031,BB11,clustalw,0.3350,0.0000
BB11032,BB11,clustalw,0.7030,0.3500
BB11033,BB11,clustalw,0.4940,0.0000
BB11034,BB11,clustalw,0.3890,0.0000
BB11035,BB11,clustalw,0.6190,0.4800
BB11036,BB11,clustalw,0.5860,0.3000
BB11037,BB11,clustalw,0.4320,0.1600
BB11038,BB11,clustalw,0.5540,0.0000
BBS11001,BBS1,clustalw,1.0000,1.0000
BBS11002,BBS1,clustalw,0.9310,0.8200
BBS11003,BBS1,clustalw,0.6690,0.4700
BBS11004,BBS1,clustalw,0.5010,0.2400
BBS11005,BBS1,clustalw,0.4320,0.1400
BBS11006,BBS1,clustalw,0.4630,0.2700
BBS11007,BBS1,clustalw,0.7270,0.4000
BBS11008,BBS1,clustalw,0.7820,0.7100
BBS11009,BBS1,clustalw,0.8420,0.7800
BBS11010,BBS1,clustalw,0.3250,0.0000
BBS11011,BBS1,clustalw,0.5570,0.3600
BBS11012,BBS1,clustalw,0.9310,0.8800
BBS11013,BBS1,clustalw,0.8070,0.5500
BBS11014,BBS1,clustalw,0.8140,0.6700
BBS11015,BBS1,clustalw,0.7050,0.5100
BBS11016,BBS1,clustalw,0.6540,0.2800
BBS11017,BBS1,clustalw,0.7530,0.6000
BBS11018,BBS1,clustalw,0.6890,0.3300
BBS11019,BBS1,clustalw,0.5860,0.1300
BBS11020,BBS1,clustalw,0.7340,0.4800
BBS11021,BBS1,clustalw,0.7350,0.5500
BBS11022,BBS1,clustalw,0.8940,0.7800
BBS11023,BBS1,clustalw,0.5020,0.1300
BBS11024,BBS1,clustalw,0.4260,0.2300
BBS11025,BBS1,clustalw,0.2280,0.0000
BBS11026,BBS1,clustalw,0.7000,0.3000
BBS11027,BBS1,clustalw,0.4380,0.2200
BBS11028,BBS1,clustalw,1.0000,1.0000
BBS11029,BBS1,clustalw,0.5230,0.4900
BBS11030,BBS1,clustalw,0.6680,0.1000
BBS11031,BBS1,clustalw,0.5680,0.1300
BBS11032,BBS1,clustalw,0.8030,0.5000
BBS11033,BBS1,clustalw,0.6680,0.0000
BBS11034,BBS1,clustalw,0.5890,0.2700
BBS11035,BBS1,clustalw,0.6190,0.4800
BBS11036,BBS1,clustalw,0.5970,0.2500
BBS11037,BBS1,clustalw,0.5040,0.1900
BBS11038,BBS1,clustalw,0.8120,0.6300
BB12001,BB12,clustalw,0.8450,0.6500
BB12002,BB12,clustalw,0.8630,0.7400
BB12003,BB12,clustalw,0.8650,0.5900
BB12004,BB12,clustalw,0.8550,0.5500
BB12005,BB12,clustalw,0.9220,0.7000
BB12006,BB12,clustalw,0.9400,0.9000
BB12007,BB12,clustalw,0.8840,0.7000
BB12008,BB12,clustalw,0.9320,0.8100
BB12009,BB12,clustalw,0.9190,0.7900
BB12010,BB12,clustalw,0.9150,0.8200
BB12011,BB12,clustalw,0.7920,0.5700
BB12012,BB12,clustalw,0.7080,0.5100
BB12013,BB12,clustalw,0.9180,0.8100
BB12014,BB12,clustalw,1.0000,1.0000
BB12015,BB12,clustalw,0.5500,0.2000
BB12016,BB12,clustalw,0.8410,0.6800
BB12017,BB12,clustalw,0.9540,0.8600
BB12018,BB12,clustalw,0.9580,0.9200
BB12019,BB12,clustalw,0.9180,0.8500
BB12020,BB12,clustalw,0.9570,0.9100
BB12021,BB12,clustalw,0.9910,0.9700
BB12022,BB12,clustalw,0.8490,0.7400
BB12023,BB12,clustalw,0.8720,0.7800
BB12024,BB12,clustalw,0.9430,0.8800
BB12025,BB12,clustalw,0.3440,0.0000
BB12026,BB12,clustalw,0.9090,0.7200
BB12027,BB12,clustalw,0.8660,0.5800
BB12028,BB12,clustalw,0.8550,0.6200
BB12029,BB12,clustalw,0.9750,0.8700
BB12030,BB12,clustalw,0.9690,0.9300
BB12031,BB12,clustalw,0.8330,0.7200
BB12032,BB12,clustalw,0.8580,0.7400
BB12033,BB12,clustalw,0.7390,0.5500
BB12034,BB12,clustalw,0.9270,0.8700
BB12035,BB12,clustalw,0.9260,0.7500
BB12036,BB12,clustalw,0.9140,0.8300
BB12038,BB12,clustalw,0.9250,0.8300
BB12039,BB12,clustalw,0.7700,0.2800
BB12040,BB12,clustalw,1.0000,1.0000
BB12041,BB12,clustalw,0.7420,0.5800
BB12042,BB12,clustalw,0.6290,0.4700
BB12043,BB12,clustalw,0.9000,0.7000
BB12044,BB12,clustalw,0.8700,0.6400
BBS12001,BBS1,clustalw,0.8510,0.6800
BBS12002,BBS1,clustalw,0.8980,0.7400
BBS12003,BBS1,clustalw,0.9340,0.8300
BBS12004,BBS1,clustalw,0.8230,0.4700
BBS12005,BBS1,clustalw,0.9420,0.8100
BBS12006,BBS1,clustalw,0.9400,0.9000
BBS12007,BBS1,clustalw,0.8410,0.7000
BBS12008,BBS1,clustalw,0.9280,0.7400
BBS12009,BBS1,clustalw,0.9090,0.7800
BBS12010,BBS1,clustalw,0.9280,0.8400
BBS12011,BBS1,clustalw,0.8210,0.5800
BBS12012,BBS1,clustalw,0.7490,0.5800
BBS12013,BBS1,clustalw,0.9600,0.8800
BBS12014,BBS1,clustalw,1.0000,1.0000
BBS12015,BBS1,clustalw,0.9620,0.9300
BBS12016,BBS1,clustalw,0.8960,0.8200
BBS12017,BBS1,clustalw,0.9460,0.8400
BBS12018,BBS1,clustalw,0.9590,0.9200
BBS12019,BBS1,clustalw,0.9210,0.8500
BBS12020,BBS1,clustalw,0.9370,0.8900
BBS12021,BBS1,clustalw,0.9910,0.9700
BBS12022,BBS1,clustalw,0.9650,0.9400
BBS12023,BBS1,clustalw,0.8730,0.7800
BBS12024,BBS1,clustalw,0.9610,0.9200
BBS12025,BBS1,clustalw,0.7790,0.7100
BBS12026,BBS1,clustalw,0.9120,0.7100
BBS12027,BBS1,clustalw,0.9700,0.8200
BBS12028,BBS1,clustalw,0.9130,0.8100
BBS12029,BBS1,clustalw,0.9710,0.9100
BBS12030,BBS1,clustalw,0.9870,0.9600
BBS12031,BBS1,clustalw,0.8310,0.7100
BBS12032,BBS1,clustalw,0.9200,0.8500
BBS12033,BBS1,clustalw,0.8440,0.7200
BBS12034,BBS1,clustalw,0.9270,0.8700
BBS12035,BBS1,clustalw,0.9390,0.8100
BBS12036,BBS1,clustalw,0.9810,0.9500
BBS12037,BBS1,clustalw,0.8660,0.6800
BBS12038,BBS1,clustalw,0.8700,0.6800
BBS12039,BBS1,clustalw,0.9010,0.6500
BBS12040,BBS1,clustalw,0.9640,0.9400
BBS12041,BBS1,clustalw,0.7930,0.6700
BBS12042,BBS1,clustalw,0.6330,0.5000
BBS12043,BBS1,clustalw,0.9240,0.7800
BBS12044,BBS1,clustalw,0.8700,0.6400
