mode,condition,item,aligner,n_seqs,n_cols,sp,tc,score_scope,rel_auc,pos_rate,acc_all,acc_retained,acc_retained_random,acc_retained_gap,mask_z,n_masked,rf_full,rf_masked,secs
reference,BB11001.xml,ref,CRAIC built-in (progressive),4,88,0.8128,0.6818,all-columns,0.8213,0.7045,0.7746,0.8788,0.776,0.8914,4.7077,22,,,0.15
reference,BB11001.xml,ref,MAFFT,4,88,0.8683,0.7159,all-columns,0.8635,0.7955,0.875,0.922,0.8756,0.8978,2.7757,26,,,0.21
reference,BB11001.xml,ref,MUSCLE,4,88,0.9012,0.7841,all-columns,0.7752,0.8636,0.892,0.9471,0.8915,0.9127,2.8341,25,,,0.04
reference,BB11001.xml,ref,Clustal Omega,4,88,0.9074,0.8068,all-columns,0.7945,0.8295,0.9148,0.9224,0.9136,0.8793,0.6041,30,,,0.01
reference,BB11002.xml,ref,CRAIC built-in (progressive),8,117,0.4075,0.0,all-columns,0.4348,0.0171,0.2875,0.6571,0.2778,0.5857,5.2982,102,,,0.14
reference,BB11002.xml,ref,MAFFT,8,121,0.4762,0.0,all-columns,0.5414,0.0579,0.344,0.6227,0.3454,0.5632,5.2203,95,,,0.18
reference,BB11002.xml,ref,MUSCLE,8,106,0.4645,0.0124,all-columns,0.4349,0.0755,0.3748,0.542,0.3724,0.5693,2.3667,89,,,0.05
reference,BB11002.xml,ref,Clustal Omega,8,133,0.4556,0.0062,all-columns,0.5078,0.0376,0.3562,0.702,0.361,0.5706,6.3293,104,,,0.01
reference,BB11003.xml,ref,CRAIC built-in (progressive),4,503,0.4919,0.2945,all-columns,0.8719,0.3479,0.4712,0.8322,0.469,0.6206,11.8118,351,,,0.76
reference,BB11003.xml,ref,MAFFT,4,497,0.6594,0.3967,all-columns,0.7663,0.4427,0.6013,0.8413,0.6022,0.6835,9.6927,329,,,0.25
reference,BB11003.xml,ref,MUSCLE,4,493,0.6304,0.3845,all-columns,0.7092,0.4909,0.6234,0.841,0.6262,0.6864,8.4667,341,,,0.16
reference,BB11003.xml,ref,Clustal Omega,4,505,0.5902,0.3354,all-columns,0.8144,0.396,0.5594,0.8312,0.5605,0.6327,9.6912,348,,,0.06
reference,BB11004.xml,ref,CRAIC built-in (progressive),4,444,0.587,0.3341,all-columns,0.7734,0.4685,0.5788,0.9317,0.5769,0.8574,8.0852,361,,,0.51
reference,BB11004.xml,ref,MAFFT,4,435,0.6087,0.3624,all-columns,0.7849,0.4138,0.5414,0.8986,0.5386,0.8041,9.5483,338,,,0.23
reference,BB11004.xml,ref,MUSCLE,4,446,0.6072,0.3388,all-columns,0.803,0.4596,0.5837,0.9478,0.5857,0.8232,9.1218,347,,,0.14
reference,BB11004.xml,ref,Clustal Omega,4,470,0.5064,0.3129,all-columns,0.8594,0.3957,0.4745,0.9624,0.4743,0.7993,10.8325,377,,,0.06
reference,BB11005.xml,ref,CRAIC built-in (progressive),14,756,0.2618,0.0174,all-columns,0.7887,0.0979,0.2787,0.7063,0.2777,0.3673,6.4374,735,,,7.65
reference,BB11005.xml,ref,MAFFT,14,545,0.4642,0.0637,all-columns,0.8178,0.1083,0.3916,0.5208,0.3943,0.7205,1.6073,529,,,1.5
reference,BB11005.xml,ref,MUSCLE,14,514,0.4628,0.0598,all-columns,0.6786,0.1304,0.4223,0.3443,0.4096,0.0989,-0.3794,511,,,1.61
reference,BB11005.xml,ref,Clustal Omega,14,557,0.381,0.0598,all-columns,0.8851,0.0808,0.328,1.0,0.34,0.2659,5.3653,552,,,0.45
reference,BB11006.xml,ref,CRAIC built-in (progressive),8,329,0.3136,0.0616,all-columns,0.7379,0.1915,0.3386,0.7124,0.3373,0.3139,4.5616,310,,,0.92
reference,BB11006.xml,ref,MAFFT,8,341,0.349,0.1678,all-columns,0.9024,0.261,0.3244,0.931,0.3282,0.6355,8.3051,312,,,0.39
reference,BB11006.xml,ref,MUSCLE,8,310,0.381,0.113,all-columns,0.815,0.1323,0.3201,0.5483,0.3192,0.129,2.8694,292,,,0.22
reference,BB11006.xml,ref,Clustal Omega,8,376,0.3348,0.113,all-columns,0.8733,0.2048,0.3215,0.5714,0.3172,0.4745,3.687,348,,,0.06
reference,BB11007.xml,ref,CRAIC built-in (progressive),9,506,0.5766,0.286,all-columns,0.8174,0.3636,0.5712,0.8856,0.5755,0.7214,4.7843,472,,,3.16
reference,BB11007.xml,ref,MAFFT,9,499,0.682,0.3686,all-columns,0.9088,0.4248,0.665,0.9697,0.6658,0.891,11.5254,356,,,0.49
reference,BB11007.xml,ref,MUSCLE,9,490,0.6777,0.4025,all-columns,0.8295,0.4592,0.6441,0.9346,0.6463,0.8696,7.6155,405,,,0.68
reference,BB11007.xml,ref,Clustal Omega,9,523,0.5953,0.2797,all-columns,0.899,0.3059,0.5476,0.931,0.5461,0.7805,12.8055,399,,,0.23
reference,BB11008.xml,ref,CRAIC built-in (progressive),4,409,0.2768,0.0671,all-columns,0.879,0.1198,0.1463,0.4231,0.1448,0.4487,10.29,318,,,0.25
reference,BB11008.xml,ref,MAFFT,4,449,0.2642,0.0606,all-columns,0.9212,0.0802,0.1132,0.4384,0.1144,0.4772,11.3887,376,,,0.2
reference,BB11008.xml,ref,MUSCLE,4,456,0.3263,0.0779,all-columns,0.886,0.136,0.1656,0.4587,0.1662,0.5085,10.7,339,,,0.12
reference,BB11008.xml,ref,Clustal Omega,4,437,0.2263,0.0368,all-columns,0.9079,0.0686,0.1102,0.3253,0.1089,0.4277,8.9164,354,,,0.03
reference,BB11009.xml,ref,CRAIC built-in (progressive),4,105,0.6248,0.4381,all-columns,0.8121,0.4571,0.5524,0.7727,0.5511,0.7303,5.6053,50,,,0.1
reference,BB11009.xml,ref,MAFFT,4,304,0.2739,0.0,all-columns,0.8605,0.1316,0.1711,0.2504,0.1706,0.2275,5.4923,115,,,0.2
reference,BB11009.xml,ref,MUSCLE,4,102,0.6642,0.4667,all-columns,0.7597,0.5,0.6111,0.747,0.6105,0.7143,3.4447,46,,,0.05
reference,BB11009.xml,ref,Clustal Omega,4,317,0.3152,0.0,all-columns,0.7144,0.142,0.1909,0.2476,0.1901,0.2829,3.2174,142,,,0.02
reference,BB11010.xml,ref,CRAIC built-in (progressive),4,497,0.261,0.0796,all-columns,0.8033,0.1408,0.2834,0.4987,0.2817,0.0802,8.5547,364,,,0.73
reference,BB11010.xml,ref,MAFFT,4,532,0.2918,0.099,all-columns,0.7508,0.1429,0.2979,0.4617,0.2983,0.1377,7.8987,371,,,0.33
reference,BB11010.xml,ref,MUSCLE,4,506,0.319,0.1204,all-columns,0.6861,0.1561,0.3146,0.3889,0.3142,0.1731,2.8934,377,,,0.21
reference,BB11010.xml,ref,Clustal Omega,4,531,0.2871,0.1282,all-columns,0.7053,0.1488,0.269,0.4415,0.2689,0.1514,6.5524,400,,,0.07
reference,BB11011.xml,ref,CRAIC built-in (progressive),5,246,0.2097,0.0661,all-columns,0.8815,0.1057,0.1978,0.6667,0.2047,0.1667,2.3956,243,,,0.2
reference,BB11011.xml,ref,MAFFT,5,263,0.2542,0.1101,all-columns,0.962,0.1065,0.2144,0.75,0.2203,0.775,5.6808,251,,,0.2
reference,BB11011.xml,ref,MUSCLE,5,222,0.3263,0.1101,all-columns,0.8245,0.1892,0.3089,0.6333,0.3041,0.23,2.9562,212,,,0.08
reference,BB11011.xml,ref,Clustal Omega,5,277,0.1986,0.0749,all-columns,0.818,0.1877,0.2508,0.9487,0.2573,0.5846,6.5134,264,,,0.05
reference,BB11012.xml,ref,CRAIC built-in (progressive),4,381,0.8852,0.7287,all-columns,0.9085,0.7822,0.8421,0.9084,0.8417,0.8887,9.717,59,,,0.36
reference,BB11012.xml,ref,MAFFT,4,382,0.8602,0.7028,all-columns,0.9312,0.7644,0.8268,0.9255,0.8269,0.8898,11.9291,69,,,0.18
reference,BB11012.xml,ref,MUSCLE,4,379,0.9016,0.7597,all-columns,0.8916,0.81,0.8646,0.931,0.8646,0.8997,9.9804,70,,,0.09
reference,BB11012.xml,ref,Clustal Omega,4,403,0.8437,0.7106,all-columns,0.9005,0.7543,0.811,0.9136,0.8114,0.8946,9.4702,104,,,0.04
reference,BB11013.xml,ref,CRAIC built-in (progressive),5,92,0.0591,0.0,all-columns,,0.0,0.0457,0.1,0.0503,0.0,0.4721,91,,,0.02
reference,BB11013.xml,ref,MAFFT,5,96,0.0896,0.0,all-columns,,0.0,0.0535,0.0,0.0533,0.3429,-1.7766,82,,,0.17
reference,BB11013.xml,ref,MUSCLE,5,81,0.1631,0.0,all-columns,,0.0,0.1239,0.1,0.1418,0.0,-0.3408,80,,,0.02
reference,BB11013.xml,ref,Clustal Omega,5,105,0.0484,0.0,all-columns,0.232,0.0286,0.0676,0.0,0.0602,0.0,-0.8722,100,,,0.01
reference,BB11014.xml,ref,CRAIC built-in (progressive),6,580,0.727,0.4737,all-columns,0.8471,0.5276,0.6728,0.9103,0.6746,0.8138,12.6818,320,,,2.18
reference,BB11014.xml,ref,MAFFT,6,581,0.753,0.5368,all-columns,0.8613,0.5645,0.6896,0.9039,0.6887,0.8235,12.8917,283,,,0.42
reference,BB11014.xml,ref,MUSCLE,6,563,0.7683,0.5579,all-columns,0.8565,0.6004,0.7167,0.9135,0.7166,0.8523,13.8634,280,,,0.48
reference,BB11014.xml,ref,Clustal Omega,6,586,0.7414,0.5228,all-columns,0.8893,0.5324,0.6713,0.9162,0.6718,0.8188,15.5303,298,,,0.2
reference,BB11015.xml,ref,CRAIC built-in (progressive),4,314,0.6055,0.3608,all-columns,0.8308,0.4299,0.6115,0.8493,0.6111,0.5846,11.2233,178,,,0.27
reference,BB11015.xml,ref,MAFFT,4,311,0.6781,0.4715,all-columns,0.8247,0.5048,0.6699,0.8937,0.671,0.6643,9.4808,173,,,0.17
reference,BB11015.xml,ref,MUSCLE,4,308,0.6935,0.4968,all-columns,0.7672,0.539,0.6867,0.8728,0.6868,0.6877,7.5837,173,,,0.07
reference,BB11015.xml,ref,Clustal Omega,4,326,0.7067,0.5063,all-columns,0.7297,0.6012,0.7209,0.916,0.7197,0.6705,8.1182,195,,,0.03
reference,BB11016.xml,ref,CRAIC built-in (progressive),8,626,0.3479,0.0174,all-columns,0.5953,0.1326,0.348,0.592,0.3448,0.5656,4.3714,589,,,3.13
reference,BB11016.xml,ref,MAFFT,8,583,0.5523,0.1603,all-columns,0.7638,0.2624,0.46,0.7892,0.4572,0.7584,6.2902,532,,,0.69
reference,BB11016.xml,ref,MUSCLE,8,548,0.4766,0.0679,all-columns,0.6864,0.1369,0.429,0.711,0.4339,0.6369,6.188,494,,,0.72
reference,BB11016.xml,ref,Clustal Omega,8,596,0.5086,0.1603,all-columns,0.8323,0.2265,0.4169,0.7524,0.4158,0.7606,6.2922,552,,,0.18
reference,BB11017.xml,ref,CRAIC built-in (progressive),4,250,0.7332,0.5615,all-columns,0.9153,0.608,0.6813,0.912,0.6838,0.6979,10.2669,106,,,0.18
reference,BB11017.xml,ref,MAFFT,4,260,0.728,0.5231,all-columns,0.9282,0.55,0.6615,0.8939,0.6628,0.8139,11.7632,106,,,0.17
reference,BB11017.xml,ref,MUSCLE,4,255,0.7355,0.5269,all-columns,0.912,0.5961,0.7033,0.9429,0.7033,0.7464,10.9815,115,,,0.05
reference,BB11017.xml,ref,Clustal Omega,4,266,0.7481,0.5654,all-columns,0.9007,0.6278,0.7162,0.9298,0.7139,0.7939,10.8728,114,,,0.02
reference,BB11018.xml,ref,CRAIC built-in (progressive),14,1203,0.3676,0.0766,all-columns,0.8789,0.1064,0.2352,0.6541,0.2348,0.809,13.9033,1074,,,14.12
reference,BB11018.xml,ref,MAFFT,14,931,0.5328,0.1436,all-columns,0.8569,0.1794,0.3541,0.8504,0.3531,0.5544,13.1227,835,,,2.57
reference,BB11018.xml,ref,MUSCLE,14,823,0.5311,0.1119,all-columns,0.8482,0.1458,0.34,0.8318,0.3405,0.5856,10.847,761,,,2.62
reference,BB11018.xml,ref,Clustal Omega,14,935,0.4153,0.1107,all-columns,0.9206,0.1337,0.2853,0.9436,0.284,0.7682,20.2,847,,,1.1
reference,BB11019.xml,ref,CRAIC built-in (progressive),10,424,0.5815,0.1383,all-columns,0.651,0.1863,0.5212,0.4747,0.5221,0.7852,-0.4097,415,,,2.9
reference,BB11019.xml,ref,MAFFT,10,426,0.6509,0.1506,all-columns,0.8307,0.2207,0.5805,0.817,0.5796,0.6603,7.9661,329,,,0.5
reference,BB11019.xml,ref,MUSCLE,10,384,0.6813,0.1457,all-columns,0.7557,0.2344,0.6477,0.9134,0.6429,0.6184,6.9298,331,,,0.54
reference,BB11019.xml,ref,Clustal Omega,10,437,0.5558,0.1062,all-columns,0.8102,0.1648,0.4929,0.8157,0.4954,0.6783,9.6601,347,,,0.26
reference,BB11020.xml,ref,CRAIC built-in (progressive),9,269,0.4886,0.1583,all-columns,0.8011,0.2416,0.4742,0.9477,0.4717,0.598,6.3237,252,,,0.86
reference,BB11020.xml,ref,MAFFT,9,270,0.6647,0.278,all-columns,0.7913,0.4222,0.6365,0.9463,0.6424,0.8735,5.5822,223,,,0.26
reference,BB11020.xml,ref,MUSCLE,9,252,0.6494,0.2085,all-columns,0.7354,0.3016,0.6144,0.9444,0.6112,0.7426,5.9329,218,,,0.18
reference,BB11020.xml,ref,Clustal Omega,9,266,0.5579,0.1429,all-columns,0.9151,0.1992,0.507,0.9366,0.508,0.75,9.603,220,,,0.07
reference,BB11021.xml,ref,CRAIC built-in (progressive),4,115,0.5455,0.2797,all-columns,0.7972,0.3391,0.4667,0.6429,0.4682,0.6786,3.4308,73,,,0.04
reference,BB11021.xml,ref,MAFFT,4,119,0.6091,0.3559,all-columns,0.8658,0.4202,0.5364,0.7976,0.5441,0.7897,5.0529,77,,,0.19
reference,BB11021.xml,ref,MUSCLE,4,119,0.6418,0.3983,all-columns,0.7365,0.4202,0.5294,0.7273,0.5272,0.8106,4.0891,75,,,0.02
reference,BB11021.xml,ref,Clustal Omega,4,134,0.46,0.2627,all-columns,0.8774,0.2537,0.347,0.5725,0.3504,0.6377,4.6367,88,,,0.01
reference,BB11022.xml,ref,CRAIC built-in (progressive),4,128,0.0987,0.0,all-columns,1.0,0.0078,0.0898,0.0588,0.0886,0.0784,-0.8527,111,,,0.04
reference,BB11022.xml,ref,MAFFT,4,146,0.0857,0.0,all-columns,,0.0,0.0582,0.0,0.0583,0.0,-1.5037,138,,,0.18
reference,BB11022.xml,ref,MUSCLE,4,156,0.1325,0.0,all-columns,0.2765,0.141,0.1859,0.1014,0.1935,0.1159,-1.3831,133,,,0.03
reference,BB11022.xml,ref,Clustal Omega,4,137,0.1377,0.0,all-columns,0.2727,0.0365,0.1423,1.0,0.12,0.0,4.5988,136,,,0.01
reference,BB11023.xml,ref,CRAIC built-in (progressive),7,410,0.2969,0.0605,all-columns,0.7513,0.1829,0.3628,0.805,0.36,0.1224,6.7395,389,,,1.08
reference,BB11023.xml,ref,MAFFT,7,410,0.4538,0.1658,all-columns,0.6803,0.2244,0.4043,0.7903,0.3996,0.6429,5.6652,384,,,0.39
reference,BB11023.xml,ref,MUSCLE,7,391,0.5079,0.1684,all-columns,0.7807,0.2327,0.4525,0.8655,0.4554,0.57,7.121,357,,,0.24
reference,BB11023.xml,ref,Clustal Omega,7,412,0.4753,0.1342,all-columns,0.8566,0.2184,0.4392,0.8683,0.4361,0.5106,8.6217,365,,,0.08
reference,BB11024.xml,ref,CRAIC built-in (progressive),4,417,0.2648,0.0335,all-columns,0.8227,0.1103,0.2894,0.6146,0.2911,0.3906,6.102,385,,,0.48
reference,BB11024.xml,ref,MAFFT,4,437,0.3869,0.1077,all-columns,0.8582,0.1899,0.3776,0.7676,0.3782,0.2817,10.1448,366,,,0.21
reference,BB11024.xml,ref,MUSCLE,4,416,0.4933,0.2177,all-columns,0.806,0.3197,0.494,0.7333,0.4949,0.3784,6.4357,331,,,0.13
reference,BB11024.xml,ref,Clustal Omega,4,469,0.3074,0.1148,all-columns,0.8809,0.2281,0.3461,0.8958,0.3463,0.2135,11.8125,405,,,0.05
reference,BB11025.xml,ref,CRAIC built-in (progressive),4,102,0.0873,0.0303,all-columns,0.5381,0.049,0.0997,0.1905,0.1146,0.0,0.8464,95,,,0.02
reference,BB11025.xml,ref,MAFFT,4,101,0.0926,0.0,all-columns,,0.0,0.071,0.119,0.0716,0.0476,1.7985,87,,,0.18
reference,BB11025.xml,ref,MUSCLE,4,100,0.1349,0.0,all-columns,0.0306,0.02,0.125,0.2727,0.1243,0.0455,2.4051,89,,,0.01
reference,BB11025.xml,ref,Clustal Omega,4,103,0.0899,0.0,all-columns,,0.0,0.0777,0.3333,0.0807,0.1667,5.1477,97,,,0.01
reference,BB11026.xml,ref,CRAIC built-in (progressive),7,214,0.2178,0.0,all-columns,0.7793,0.0047,0.128,0.1304,0.124,0.3778,0.158,193,,,0.43
reference,BB11026.xml,ref,MAFFT,7,361,0.2019,0.0,all-columns,0.9278,0.0028,0.0673,0.3917,0.0659,0.1111,7.5367,349,,,0.32
reference,BB11026.xml,ref,MUSCLE,7,296,0.2514,0.0,all-columns,,0.0,0.0931,0.3482,0.0949,0.119,6.1899,280,,,0.19
reference,BB11026.xml,ref,Clustal Omega,7,393,0.1371,0.0,all-columns,0.9983,0.0076,0.0612,0.3889,0.0593,0.1032,10.7827,372,,,0.05
reference,BB11027.xml,ref,CRAIC built-in (progressive),7,313,0.3242,0.0806,all-columns,0.8977,0.1054,0.3009,0.551,0.3043,0.3364,6.1129,266,,,0.64
reference,BB11027.xml,ref,MAFFT,7,275,0.4064,0.1129,all-columns,0.9604,0.1455,0.338,0.8952,0.341,0.4163,10.8579,240,,,0.26
reference,BB11027.xml,ref,MUSCLE,7,266,0.4128,0.1089,all-columns,0.9197,0.1316,0.3543,0.8889,0.3544,0.446,9.7635,236,,,0.15
reference,BB11027.xml,ref,Clustal Omega,7,294,0.3378,0.0968,all-columns,0.9245,0.0918,0.295,0.7604,0.2925,0.3095,9.9679,262,,,0.04
reference,BB11028.xml,ref,CRAIC built-in (progressive),10,236,0.2381,0.0,all-columns,,0.0,0.1995,0.0296,0.1985,0.0444,-1.2974,233,,,0.66
reference,BB11028.xml,ref,MAFFT,10,227,0.4721,0.0,all-columns,0.2825,0.0176,0.2673,0.0167,0.268,0.4667,-2.4469,217,,,0.3
reference,BB11028.xml,ref,MUSCLE,10,218,0.4466,0.0,all-columns,0.2028,0.0046,0.2897,0.0476,0.3001,0.0444,-1.3543,215,,,0.15
reference,BB11028.xml,ref,Clustal Omega,10,239,0.4508,0.0,all-columns,0.2684,0.0126,0.2544,0.0533,0.2561,0.7289,-2.8188,224,,,0.06
reference,BB11029.xml,ref,CRAIC built-in (progressive),4,105,0.4728,0.3053,all-columns,0.7436,0.3048,0.3857,0.6133,0.396,0.6,2.9386,80,,,0.03
reference,BB11029.xml,ref,MAFFT,4,111,0.3965,0.1895,all-columns,0.9303,0.2072,0.3213,0.588,0.3259,0.3148,4.4407,75,,,0.15
reference,BB11029.xml,ref,MUSCLE,4,107,0.4837,0.3053,all-columns,0.7971,0.2897,0.3738,0.5893,0.3856,0.5655,2.6674,79,,,0.02
reference,BB11029.xml,ref,Clustal Omega,4,111,0.451,0.2842,all-columns,0.7942,0.2703,0.3468,0.6067,0.3487,0.7267,3.2849,86,,,0.01
reference,BB11030.xml,ref,CRAIC built-in (progressive),14,616,0.258,0.0141,all-columns,0.872,0.0455,0.2325,0.6996,0.211,0.0696,3.1509,613,,,4.3
reference,BB11030.xml,ref,MAFFT,14,448,0.6044,0.1788,all-columns,0.8365,0.2232,0.4048,0.8265,0.3938,0.1664,4.6348,434,,,0.73
reference,BB11030.xml,ref,MUSCLE,14,407,0.5714,0.1412,all-columns,0.7384,0.231,0.4604,0.7415,0.4481,0.0879,1.9569,400,,,1.03
reference,BB11030.xml,ref,Clustal Omega,14,485,0.5165,0.1153,all-columns,0.8632,0.1567,0.3525,0.614,0.3543,0.694,3.2164,466,,,0.28
reference,BB11031.xml,ref,CRAIC built-in (progressive),11,693,0.2719,0.002,all-columns,0.5334,0.0866,0.2352,0.137,0.2209,0.5927,-1.0001,678,,,4.14
reference,BB11031.xml,ref,MAFFT,11,561,0.4404,0.0523,all-columns,0.8151,0.0642,0.2775,0.1333,0.2811,0.5352,-2.2379,538,,,1.22
reference,BB11031.xml,ref,MUSCLE,11,463,0.4946,0.0805,all-columns,0.8506,0.1361,0.368,0.6815,0.37,0.0364,1.5646,460,,,0.92
reference,BB11031.xml,ref,Clustal Omega,11,558,0.4114,0.0604,all-columns,0.8726,0.0986,0.2792,0.0,0.2689,1.0,-1.0968,556,,,0.34
reference,BB11032.xml,ref,CRAIC built-in (progressive),8,388,0.4834,0.146,all-columns,0.8192,0.2603,0.4077,0.6389,0.4103,0.5833,3.9359,352,,,1.27
reference,BB11032.xml,ref,MAFFT,8,391,0.6153,0.1776,all-columns,0.915,0.2481,0.432,0.8522,0.4345,0.7275,10.0297,326,,,0.38
reference,BB11032.xml,ref,MUSCLE,8,386,0.6881,0.2068,all-columns,0.8796,0.2435,0.4499,0.7049,0.4519,0.6177,5.674,325,,,0.28
reference,BB11032.xml,ref,Clustal Omega,8,440,0.5691,0.1727,all-columns,0.8935,0.1909,0.3524,0.7685,0.3495,0.591,10.4446,376,,,0.09
reference,BB11033.xml,ref,CRAIC built-in (progressive),11,265,0.281,0.0333,all-columns,0.6219,0.0566,0.1719,0.1296,0.1772,0.4121,-0.4112,259,,,0.68
reference,BB11033.xml,ref,MAFFT,11,221,0.3579,0.0296,all-columns,0.668,0.0633,0.2129,0.0,0.211,0.2,-1.5771,217,,,0.3
reference,BB11033.xml,ref,MUSCLE,11,244,0.3804,0.0,all-columns,0.595,0.0082,0.2037,0.0,0.2018,0.1584,-2.1795,237,,,0.22
reference,BB11033.xml,ref,Clustal Omega,11,254,0.1832,0.0,all-columns,0.8021,0.0433,0.1706,0.9259,0.171,0.1394,5.0088,251,,,2.96
reference,BB11034.xml,ref,CRAIC built-in (progressive),8,665,0.3798,0.0102,all-columns,0.7101,0.0917,0.3262,0.7642,0.3265,0.574,8.285,624,,,3.46
reference,BB11034.xml,ref,MAFFT,8,588,0.5634,0.2047,all-columns,0.7885,0.2891,0.4783,0.7797,0.4785,0.705,6.434,530,,,1.03
reference,BB11034.xml,ref,MUSCLE,8,558,0.4992,0.0761,all-columns,0.6842,0.1147,0.4197,0.613,0.4174,0.7857,4.8645,503,,,0.71
reference,BB11034.xml,ref,Clustal Omega,8,613,0.4906,0.1134,all-columns,0.7892,0.1876,0.4212,0.704,0.4227,0.66,6.027,563,,,0.24
reference,BB11035.xml,ref,CRAIC built-in (progressive),5,107,0.4355,0.2222,all-columns,0.7212,0.2804,0.4299,0.6913,0.4333,0.687,3.6539,84,,,0.05
reference,BB11035.xml,ref,MAFFT,5,106,0.472,0.3131,all-columns,0.6785,0.3302,0.4538,0.8742,0.4608,0.7182,5.375,84,,,0.18
reference,BB11035.xml,ref,MUSCLE,5,106,0.4915,0.2424,all-columns,0.8024,0.2453,0.4041,0.7667,0.4069,0.744,6.0705,81,,,0.02
reference,BB11035.xml,ref,Clustal Omega,5,123,0.4133,0.1818,all-columns,0.7172,0.3902,0.5247,0.9125,0.526,0.3208,4.9283,99,,,0.01
reference,BB11036.xml,ref,CRAIC built-in (progressive),8,480,0.4089,0.0717,all-columns,0.7264,0.1708,0.4103,0.4286,0.4064,0.2054,0.1822,472,,,2.03
reference,BB11036.xml,ref,MAFFT,8,458,0.5388,0.1283,all-columns,0.8618,0.1878,0.447,0.8378,0.4431,0.6612,6.9684,423,,,0.61
reference,BB11036.xml,ref,MUSCLE,8,418,0.5416,0.1174,all-columns,0.7855,0.189,0.4826,0.8101,0.4774,0.2305,5.0041,396,,,0.41
reference,BB11036.xml,ref,Clustal Omega,8,469,0.5194,0.1391,all-columns,0.8241,0.1983,0.4475,0.8675,0.4534,0.8381,7.7515,424,,,0.2
reference,BB11037.xml,ref,CRAIC built-in (progressive),5,490,0.2261,0.0765,all-columns,0.9599,0.0816,0.1833,0.9129,0.1846,0.1806,13.7731,459,,,1.18
reference,BB11037.xml,ref,MAFFT,5,417,0.3784,0.1633,all-columns,0.8454,0.1823,0.3345,0.9317,0.341,0.2341,10.0796,376,,,0.39
reference,BB11037.xml,ref,MUSCLE,5,413,0.4928,0.227,all-columns,0.7636,0.2446,0.4306,0.8098,0.4274,0.4512,7.0124,372,,,0.33
reference,BB11037.xml,ref,Clustal Omega,5,448,0.4527,0.227,all-columns,0.8584,0.2723,0.4105,0.9769,0.4098,0.2538,9.1322,409,,,0.16
reference,BB11038.xml,ref,CRAIC built-in (progressive),8,487,0.5922,0.1916,all-columns,0.8542,0.2854,0.409,0.887,0.412,0.8439,11.4726,401,,,1.88
reference,BB11038.xml,ref,MAFFT,8,521,0.6379,0.1743,all-columns,0.9492,0.2169,0.3819,0.8721,0.3876,0.7951,14.5995,403,,,0.47
reference,BB11038.xml,ref,MUSCLE,8,462,0.7345,0.2816,all-columns,0.8722,0.3615,0.4763,0.8707,0.4778,0.75,10.4647,354,,,0.38
reference,BB11038.xml,ref,Clustal Omega,8,523,0.6726,0.2529,all-columns,0.9225,0.3021,0.4104,0.9367,0.4063,0.7572,15.4296,409,,,0.18
reference,BBS11001.xml,ref,CRAIC built-in (progressive),4,76,0.9934,0.9868,all-columns,1.0,0.9868,0.9934,0.9934,,,,0,,,0.02
reference,BBS11001.xml,ref,MAFFT,4,81,0.8289,0.75,all-columns,1.0,0.8519,0.893,0.9726,0.8933,0.8813,8.0465,8,,,0.16
reference,BBS11001.xml,ref,MUSCLE,4,76,0.9934,0.9868,all-columns,1.0,0.9868,0.9934,0.9934,,,,0,,,0.01
reference,BBS11001.xml,ref,Clustal Omega,4,76,0.9013,0.8026,all-columns,1.0,0.8421,0.9211,0.9211,,,,0,,,0.01
reference,BBS11002.xml,ref,CRAIC built-in (progressive),8,68,0.7619,0.3333,all-columns,0.8457,0.4559,0.7365,0.8782,0.7388,0.8315,4.039,29,,,0.06
reference,BBS11002.xml,ref,MAFFT,8,70,0.7175,0.2029,all-columns,0.8129,0.3714,0.6779,0.8631,0.6768,0.7355,6.0214,28,,,0.17
reference,BBS11002.xml,ref,MUSCLE,8,68,0.8129,0.3478,all-columns,0.634,0.5735,0.8115,0.869,0.8087,0.8274,2.221,26,,,0.02
reference,BBS11002.xml,ref,Clustal Omega,8,70,0.7835,0.3043,all-columns,0.9578,0.5571,0.7749,0.9744,0.7739,0.7995,5.7514,31,,,0.01
reference,BBS11003.xml,ref,CRAIC built-in (progressive),4,447,0.6926,0.4787,all-columns,0.7683,0.5369,0.6808,0.8162,0.6823,0.6916,6.5084,253,,,0.56
reference,BBS11003.xml,ref,MAFFT,4,454,0.6848,0.4295,all-columns,0.8516,0.4934,0.6736,0.831,0.6732,0.6958,12.5667,174,,,0.21
reference,BBS11003.xml,ref,MUSCLE,4,448,0.7185,0.4944,all-columns,0.7938,0.5402,0.6964,0.8243,0.6964,0.7464,9.6965,172,,,0.14
reference,BBS11003.xml,ref,Clustal Omega,4,458,0.5984,0.3669,all-columns,0.891,0.417,0.5928,0.8719,0.5949,0.6106,14.6407,259,,,0.04
reference,BBS11004.xml,ref,CRAIC built-in (progressive),4,395,0.6619,0.4527,all-columns,0.8221,0.5316,0.6485,0.9051,0.6447,0.7466,8.7826,272,,,0.44
reference,BBS11004.xml,ref,MAFFT,4,386,0.5484,0.2916,all-columns,0.8015,0.3627,0.5285,0.8378,0.5329,0.7477,9.4598,275,,,0.21
reference,BBS11004.xml,ref,MUSCLE,4,407,0.696,0.4783,all-columns,0.8227,0.5479,0.6572,0.9266,0.6576,0.7529,9.9804,264,,,0.13
reference,BBS11004.xml,ref,Clustal Omega,4,448,0.3788,0.1535,all-columns,0.8587,0.2835,0.385,0.8174,0.3819,0.429,12.2142,333,,,0.06
reference,BBS11005.xml,ref,CRAIC built-in (progressive),14,545,0.38,0.0827,all-columns,0.7651,0.1523,0.3533,0.4733,0.3538,0.8029,1.4324,530,,,5.82
reference,BBS11005.xml,ref,MAFFT,14,434,0.5095,0.1363,all-columns,0.8969,0.1774,0.4321,0.7627,0.4331,0.989,5.1598,409,,,0.82
reference,BBS11005.xml,ref,MUSCLE,14,407,0.5315,0.1217,all-columns,0.7862,0.1794,0.4857,1.0,0.4651,1.0,4.2518,401,,,1.19
reference,BBS11005.xml,ref,Clustal Omega,14,428,0.3949,0.0803,all-columns,0.925,0.1238,0.3655,0.9378,0.3612,0.3846,7.9737,413,,,0.38
reference,BBS11006.xml,ref,CRAIC built-in (progressive),8,294,0.3312,0.0826,all-columns,0.7868,0.1701,0.3291,0.5714,0.3301,0.2449,2.5775,280,,,0.66
reference,BBS11006.xml,ref,MAFFT,8,288,0.4566,0.2174,all-columns,0.8482,0.2847,0.4214,0.7849,0.4273,0.7604,5.4285,257,,,0.35
reference,BBS11006.xml,ref,MUSCLE,8,237,0.5188,0.1913,all-columns,0.8432,0.2447,0.4761,0.5789,0.4786,0.485,1.1652,218,,,0.15
reference,BBS11006.xml,ref,Clustal Omega,8,341,0.3152,0.1174,all-columns,0.8563,0.2903,0.3865,0.7857,0.3857,0.3699,6.0541,299,,,0.05
reference,BBS11007.xml,ref,CRAIC built-in (progressive),9,460,0.6515,0.3462,all-columns,0.8443,0.4043,0.6326,0.9037,0.6343,0.8866,6.2561,400,,,2.88
reference,BBS11007.xml,ref,MAFFT,9,462,0.7028,0.4237,all-columns,0.9117,0.4827,0.6901,0.9739,0.687,0.925,12.4036,306,,,0.63
reference,BBS11007.xml,ref,MUSCLE,9,449,0.7059,0.4169,all-columns,0.8815,0.4677,0.6904,0.9474,0.6885,0.9353,8.7723,337,,,0.54
reference,BBS11007.xml,ref,Clustal Omega,9,497,0.6087,0.3599,all-columns,0.9577,0.3883,0.5874,0.9781,0.5862,0.9167,15.115,360,,,0.24
reference,BBS11008.xml,ref,CRAIC built-in (progressive),4,113,0.5798,0.3802,all-columns,0.899,0.4425,0.5487,0.9091,0.5436,0.2727,6.9931,69,,,0.04
reference,BBS11008.xml,ref,MAFFT,4,125,0.5918,0.3554,all-columns,0.7897,0.48,0.6093,0.8232,0.6113,0.5581,6.3778,59,,,0.18
reference,BBS11008.xml,ref,MUSCLE,4,115,0.6415,0.4215,all-columns,0.7715,0.5391,0.6536,0.9067,0.6537,0.3833,6.1603,65,,,0.01
reference,BBS11008.xml,ref,Clustal Omega,4,120,0.5592,0.3388,all-columns,0.9579,0.45,0.5528,0.9645,0.5518,0.3085,8.3238,73,,,0.01
reference,BBS11009.xml,ref,CRAIC built-in (progressive),4,88,0.7864,0.5914,all-columns,0.9333,0.625,0.7595,0.8038,0.7585,0.7489,3.9928,9,,,0.03
reference,BBS11009.xml,ref,MAFFT,4,88,0.7804,0.5806,all-columns,0.957,0.625,0.7538,0.7927,0.7532,0.752,4.125,6,,,0.17
reference,BBS11009.xml,ref,MUSCLE,4,92,0.8044,0.6344,all-columns,0.9106,0.6413,0.7391,0.821,0.7388,0.7778,5.7181,11,,,0.02
reference,BBS11009.xml,ref,Clustal Omega,4,89,0.6747,0.4301,all-columns,0.9468,0.4719,0.6573,0.7796,0.6546,0.7312,4.8961,27,,,0.01
reference,BBS11010.xml,ref,CRAIC built-in (progressive),4,178,0.5378,0.2652,all-columns,0.7809,0.3427,0.5112,0.7791,0.5178,0.4031,4.8805,135,,,0.11
reference,BBS11010.xml,ref,MAFFT,4,180,0.5434,0.2541,all-columns,0.8079,0.3222,0.513,0.8974,0.509,0.3846,7.5949,141,,,0.18
reference,BBS11010.xml,ref,MUSCLE,4,172,0.6618,0.4033,all-columns,0.7715,0.4651,0.6047,0.9145,0.6035,0.3803,5.4402,133,,,0.04
reference,BBS11010.xml,ref,Clustal Omega,4,193,0.5795,0.337,all-columns,0.8645,0.3938,0.5164,0.964,0.5206,0.536,7.5859,156,,,0.01
reference,BBS11011.xml,ref,CRAIC built-in (progressive),5,210,0.391,0.1805,all-columns,0.8128,0.219,0.3237,0.8718,0.3285,0.5462,4.9695,197,,,0.17
reference,BBS11011.xml,ref,MAFFT,5,212,0.3883,0.1561,all-columns,0.8008,0.1792,0.3201,0.8974,0.3214,0.9385,5.5859,199,,,0.2
reference,BBS11011.xml,ref,MUSCLE,5,204,0.3997,0.1561,all-columns,0.9197,0.2108,0.3605,0.902,0.3581,0.4529,5.9934,187,,,0.05
reference,BBS11011.xml,ref,Clustal Omega,5,242,0.1608,0.0585,all-columns,0.9905,0.1157,0.1802,1.0,0.1855,0.2913,12.2372,219,,,0.02
reference,BBS11012.xml,ref,CRAIC built-in (progressive),4,338,0.8853,0.7774,all-columns,0.9212,0.8107,0.8674,0.9164,0.8664,0.8909,9.8327,31,,,0.27
reference,BBS11012.xml,ref,MAFFT,4,340,0.8869,0.7953,all-columns,0.9317,0.8088,0.8613,0.908,0.8606,0.8945,10.5153,32,,,0.2
reference,BBS11012.xml,ref,MUSCLE,4,335,0.9081,0.8101,all-columns,0.9013,0.8448,0.8945,0.926,0.8938,0.9112,7.103,31,,,0.09
reference,BBS11012.xml,ref,Clustal Omega,4,341,0.8906,0.7982,all-columns,0.9141,0.8123,0.8675,0.9101,0.8668,0.9101,8.947,35,,,0.03
reference,BBS11013.xml,ref,CRAIC built-in (progressive),5,56,0.4921,0.2321,all-columns,0.6833,0.3036,0.5024,0.6,0.5244,0.56,0.4956,51,,,0.02
reference,BBS11013.xml,ref,MAFFT,5,70,0.1151,0.0,all-columns,0.9167,0.0571,0.1552,0.3636,0.1526,0.1182,2.9281,59,,,0.15
reference,BBS11013.xml,ref,MUSCLE,5,53,0.9127,0.7857,all-columns,0.6056,0.8491,0.8849,1.0,0.8993,1.0,0.9203,48,,,0.01
reference,BBS11013.xml,ref,Clustal Omega,5,70,0.0417,0.0,all-columns,,0.0,0.0381,nan,,,,70,,,0.01
reference,BBS11014.xml,ref,CRAIC built-in (progressive),6,536,0.7836,0.5741,all-columns,0.8501,0.6213,0.7487,0.8991,0.749,0.8289,12.2333,234,,,1.99
reference,BBS11014.xml,ref,MAFFT,6,536,0.772,0.5722,all-columns,0.8753,0.6063,0.7368,0.8861,0.7376,0.7712,13.3347,196,,,0.35
reference,BBS11014.xml,ref,MUSCLE,6,525,0.7993,0.6,all-columns,0.8376,0.6514,0.7744,0.9054,0.7747,0.8238,12.4403,200,,,0.41
reference,BBS11014.xml,ref,Clustal Omega,6,543,0.7513,0.5389,all-columns,0.9064,0.5617,0.7062,0.909,0.7059,0.7757,14.7559,227,,,0.17
reference,BBS11015.xml,ref,CRAIC built-in (progressive),4,306,0.7239,0.526,all-columns,0.7917,0.5556,0.7141,0.8542,0.7117,0.7646,7.3391,146,,,0.28
reference,BBS11015.xml,ref,MAFFT,4,308,0.74,0.5682,all-columns,0.8084,0.6006,0.7256,0.9038,0.7229,0.7767,9.5073,152,,,0.18
reference,BBS11015.xml,ref,MUSCLE,4,300,0.7325,0.5617,all-columns,0.8164,0.6067,0.7344,0.9138,0.7355,0.7378,8.5252,157,,,0.08
reference,BBS11015.xml,ref,Clustal Omega,4,318,0.7227,0.5422,all-columns,0.7857,0.6069,0.7238,0.8996,0.7232,0.7215,9.136,157,,,0.04
reference,BBS11016.xml,ref,CRAIC built-in (progressive),8,389,0.584,0.2182,all-columns,0.7994,0.3033,0.541,0.923,0.5396,0.7733,6.8998,340,,,1.71
reference,BBS11016.xml,ref,MAFFT,8,379,0.6195,0.2701,all-columns,0.8451,0.3298,0.5816,0.9432,0.58,0.7385,11.0464,289,,,0.39
reference,BBS11016.xml,ref,MUSCLE,8,368,0.63,0.2623,all-columns,0.848,0.3288,0.6039,0.9452,0.6039,0.7844,9.2126,289,,,0.32
reference,BBS11016.xml,ref,Clustal Omega,8,401,0.5927,0.2649,all-columns,0.9017,0.3292,0.5263,0.9134,0.5224,0.7927,10.1555,309,,,0.12
reference,BBS11017.xml,ref,CRAIC built-in (progressive),4,241,0.8054,0.627,all-columns,0.9431,0.6805,0.7766,0.951,0.7775,0.8355,10.2772,88,,,0.16
reference,BBS11017.xml,ref,MAFFT,4,244,0.7408,0.5697,all-columns,0.9556,0.6148,0.7179,0.9434,0.7173,0.7767,12.3697,85,,,0.19
reference,BBS11017.xml,ref,MUSCLE,4,243,0.7792,0.5984,all-columns,0.9589,0.6543,0.7483,0.953,0.7503,0.8045,11.1248,87,,,0.05
reference,BBS11017.xml,ref,Clustal Omega,4,248,0.7608,0.582,all-columns,0.9136,0.629,0.7251,0.8966,0.7257,0.7811,9.5069,82,,,0.02
reference,BBS11018.xml,ref,CRAIC built-in (progressive),14,797,0.4324,0.11,all-columns,0.8221,0.1606,0.3133,0.7949,0.3179,0.7222,8.5531,758,,,8.7
reference,BBS11018.xml,ref,MAFFT,14,664,0.5779,0.1812,all-columns,0.9144,0.2244,0.4234,0.8956,0.4248,0.5287,12.5878,560,,,1.61
reference,BBS11018.xml,ref,MUSCLE,14,581,0.6199,0.2184,all-columns,0.8474,0.2668,0.4837,0.9281,0.4815,0.6582,9.9688,506,,,1.71
reference,BBS11018.xml,ref,Clustal Omega,14,688,0.4621,0.1214,all-columns,0.906,0.1846,0.3487,0.9345,0.3486,0.6717,16.4761,600,,,0.68
reference,BBS11019.xml,ref,CRAIC built-in (progressive),10,423,0.5995,0.1342,all-columns,0.7423,0.1749,0.5133,0.7875,0.5177,0.7778,2.8135,411,,,2.78
reference,BBS11019.xml,ref,MAFFT,10,407,0.6623,0.1494,all-columns,0.8505,0.231,0.6038,0.8575,0.6023,0.6849,9.6802,296,,,0.45
reference,BBS11019.xml,ref,MUSCLE,10,380,0.6989,0.2076,all-columns,0.7337,0.2842,0.6531,0.9317,0.654,0.6113,6.7902,325,,,0.55
reference,BBS11019.xml,ref,Clustal Omega,10,447,0.5071,0.0911,all-columns,0.8321,0.1611,0.4762,0.8404,0.4747,0.6312,11.7558,350,,,0.28
reference,BBS11020.xml,ref,CRAIC built-in (progressive),9,230,0.6101,0.2511,all-columns,0.8409,0.3304,0.5907,0.9124,0.594,0.839,6.0206,191,,,0.84
reference,BBS11020.xml,ref,MAFFT,9,227,0.7302,0.3921,all-columns,0.7711,0.511,0.7143,0.9792,0.7144,0.9115,7.3649,163,,,0.22
reference,BBS11020.xml,ref,MUSCLE,9,223,0.7442,0.4097,all-columns,0.8872,0.4709,0.6901,0.9728,0.6821,0.9025,5.8688,178,,,0.17
reference,BBS11020.xml,ref,Clustal Omega,9,238,0.5768,0.1366,all-columns,0.9032,0.2101,0.5344,0.7956,0.5359,0.5808,8.6368,160,,,0.06
reference,BBS11021.xml,ref,CRAIC built-in (progressive),4,100,0.7396,0.549,all-columns,0.8588,0.57,0.6767,0.8729,0.6782,0.7373,5.5763,41,,,0.03
reference,BBS11021.xml,ref,MAFFT,4,106,0.683,0.4608,all-columns,0.9066,0.5472,0.6368,0.9,0.6386,0.8111,7.418,46,,,0.19
reference,BBS11021.xml,ref,MUSCLE,4,101,0.7453,0.5196,all-columns,0.8393,0.5644,0.6832,0.8387,0.685,0.7473,4.3063,39,,,0.02
reference,BBS11021.xml,ref,Clustal Omega,4,117,0.4736,0.2941,all-columns,0.9322,0.2821,0.3875,0.7143,0.3848,0.6429,7.771,68,,,0.01
reference,BBS11022.xml,ref,CRAIC built-in (progressive),4,60,0.8091,0.6833,all-columns,0.5885,0.7667,0.8444,0.7803,0.8486,0.9091,-1.3369,38,,,0.01
reference,BBS11022.xml,ref,MAFFT,4,66,0.5043,0.35,all-columns,0.4747,0.4697,0.5732,0.4167,0.5716,1.0,-1.0839,58,,,0.16
reference,BBS11022.xml,ref,MUSCLE,4,60,0.8689,0.7167,all-columns,0.877,0.75,0.8667,1.0,0.8705,0.9236,3.598,36,,,0.01
reference,BBS11022.xml,ref,Clustal Omega,4,67,0.2621,0.0,all-columns,0.7705,0.0896,0.2935,1.0,0.2733,0.0,2.6368,66,,,0.01
reference,BBS11023.xml,ref,CRAIC built-in (progressive),7,336,0.4522,0.1613,all-columns,0.8481,0.2708,0.4812,0.8339,0.4852,0.5006,6.6904,293,,,0.84
reference,BBS11023.xml,ref,MAFFT,7,341,0.5281,0.2387,all-columns,0.7713,0.2727,0.4754,0.8114,0.4754,0.5403,8.2076,289,,,0.24
reference,BBS11023.xml,ref,MUSCLE,7,309,0.57,0.2355,all-columns,0.8293,0.3204,0.5433,0.8457,0.5373,0.5864,6.3176,255,,,0.19
reference,BBS11023.xml,ref,Clustal Omega,7,331,0.4448,0.1484,all-columns,0.8445,0.2236,0.4298,0.8278,0.4306,0.4991,9.1392,279,,,0.06
reference,BBS11024.xml,ref,CRAIC built-in (progressive),4,302,0.3441,0.0926,all-columns,0.774,0.1656,0.3615,0.6548,0.3636,0.6071,3.5594,288,,,0.27
reference,BBS11024.xml,ref,MAFFT,4,334,0.3603,0.0926,all-columns,0.8758,0.2156,0.3782,0.7259,0.375,0.1037,6.5668,289,,,0.17
reference,BBS11024.xml,ref,MUSCLE,4,322,0.5606,0.3025,all-columns,0.7114,0.3789,0.5476,0.7193,0.5589,0.8377,2.7252,284,,,0.1
reference,BBS11024.xml,ref,Clustal Omega,4,352,0.3487,0.0648,all-columns,0.7745,0.2557,0.3996,0.6803,0.4032,0.0918,5.2696,303,,,0.04
reference,BBS11025.xml,ref,CRAIC built-in (progressive),4,61,0.5122,0.1746,all-columns,0.4444,0.2623,0.5328,0.4394,0.537,0.6364,-1.1755,50,,,0.01
reference,BBS11025.xml,ref,MAFFT,4,66,0.2195,0.0,all-columns,0.8952,0.0606,0.2601,0.4861,0.2547,0.1667,3.4754,54,,,0.16
reference,BBS11025.xml,ref,MUSCLE,4,65,0.7195,0.4921,all-columns,0.5276,0.5385,0.6667,0.6667,0.662,0.7083,0.0644,45,,,0.01
reference,BBS11025.xml,ref,Clustal Omega,4,71,0.2287,0.0,all-columns,0.8216,0.2254,0.385,0.7647,0.3872,0.1863,4.7582,54,,,0.03
reference,BBS11026.xml,ref,CRAIC built-in (progressive),7,91,0.4877,0.1327,all-columns,0.8053,0.1648,0.4308,0.875,0.4245,0.9167,3.8863,83,,,0.07
reference,BBS11026.xml,ref,MAFFT,7,105,0.2986,0.0612,all-columns,0.7474,0.1429,0.3498,0.74,0.353,0.0976,5.7676,85,,,0.18
reference,BBS11026.xml,ref,MUSCLE,7,91,0.5289,0.1429,all-columns,0.8526,0.1648,0.4611,0.8313,0.4615,0.5565,4.7205,75,,,0.03
reference,BBS11026.xml,ref,Clustal Omega,7,98,0.3271,0.0204,all-columns,0.85,0.0816,0.3336,0.5019,0.3403,0.3148,2.7252,80,,,0.01
reference,BBS11027.xml,ref,CRAIC built-in (progressive),7,230,0.4001,0.1126,all-columns,0.9584,0.2217,0.4295,0.9688,0.4271,0.4301,9.5649,198,,,0.44
reference,BBS11027.xml,ref,MAFFT,7,234,0.4407,0.1515,all-columns,0.8842,0.188,0.4062,0.9792,0.4102,0.4985,10.3729,202,,,0.18
reference,BBS11027.xml,ref,MUSCLE,7,223,0.5028,0.2121,all-columns,0.8853,0.296,0.5224,1.0,0.5223,0.6098,9.3121,187,,,0.12
reference,BBS11027.xml,ref,Clustal Omega,7,234,0.4043,0.1082,all-columns,0.9513,0.1154,0.3746,0.8963,0.3717,0.5009,10.4567,207,,,0.03
reference,BBS11028.xml,ref,CRAIC built-in (progressive),10,100,0.7483,0.4,all-columns,0.7916,0.47,0.6609,0.9611,0.6624,0.7444,2.8538,88,,,0.19
reference,BBS11028.xml,ref,MAFFT,10,108,0.6952,0.3905,all-columns,0.9221,0.4907,0.6623,1.0,0.6643,0.8327,6.1532,74,,,0.19
reference,BBS11028.xml,ref,MUSCLE,10,100,0.8383,0.6,all-columns,0.9412,0.66,0.7597,1.0,0.7622,0.9716,4.7601,64,,,0.05
reference,BBS11028.xml,ref,Clustal Omega,10,109,0.6737,0.3238,all-columns,0.7708,0.4679,0.6958,0.9271,0.6998,0.7359,5.4698,66,,,0.01
reference,BBS11029.xml,ref,CRAIC built-in (progressive),4,103,0.5381,0.3556,all-columns,0.8312,0.3301,0.4126,0.619,0.4097,0.6463,4.5647,54,,,0.02
reference,BBS11029.xml,ref,MAFFT,4,101,0.4462,0.2222,all-columns,0.9405,0.2574,0.3845,0.687,0.3879,0.3252,5.8509,60,,,0.17
reference,BBS11029.xml,ref,MUSCLE,4,103,0.5762,0.4,all-columns,0.8514,0.3786,0.4498,0.6973,0.4482,0.5408,5.1541,54,,,0.01
reference,BBS11029.xml,ref,Clustal Omega,4,103,0.4574,0.2889,all-columns,0.9073,0.2816,0.3608,0.6087,0.362,0.4601,5.2474,57,,,0.01
reference,BBS11030.xml,ref,CRAIC built-in (progressive),14,244,0.5819,0.1207,all-columns,0.7327,0.2008,0.5111,1.0,0.512,0.9199,3.3421,237,,,1.88
reference,BBS11030.xml,ref,MAFFT,14,237,0.7212,0.2845,all-columns,0.8796,0.346,0.58,0.9774,0.5801,1.0,4.6198,218,,,0.33
reference,BBS11030.xml,ref,MUSCLE,14,234,0.7042,0.2543,all-columns,0.7711,0.3632,0.6346,0.8889,0.6464,0.84,1.8602,225,,,0.41
reference,BBS11030.xml,ref,Clustal Omega,14,255,0.5567,0.0991,all-columns,0.8703,0.1451,0.4646,0.9311,0.4709,0.6021,5.2984,236,,,0.1
reference,BBS11031.xml,ref,CRAIC built-in (progressive),11,546,0.3596,0.0435,all-columns,0.7846,0.1172,0.2664,0.5,0.2732,0.6182,1.9095,538,,,2.96
reference,BBS11031.xml,ref,MAFFT,11,441,0.5575,0.1327,all-columns,0.7064,0.2063,0.4142,0.9722,0.4068,0.7909,5.8629,425,,,0.7
reference,BBS11031.xml,ref,MUSCLE,11,377,0.6251,0.167,all-columns,0.839,0.2361,0.4876,0.7348,0.4835,0.8939,2.4859,365,,,0.67
reference,BBS11031.xml,ref,Clustal Omega,11,441,0.45,0.0206,all-columns,0.8733,0.0612,0.3359,0.7727,0.3422,0.5372,4.0515,430,,,0.21
reference,BBS11032.xml,ref,CRAIC built-in (progressive),8,253,0.5863,0.2305,all-columns,0.8576,0.3043,0.5678,0.8977,0.5677,0.5364,7.9736,203,,,0.81
reference,BBS11032.xml,ref,MAFFT,8,257,0.6705,0.3164,all-columns,0.8803,0.4008,0.6554,0.9486,0.6545,0.613,9.2267,172,,,0.25
reference,BBS11032.xml,ref,MUSCLE,8,250,0.7491,0.3633,all-columns,0.8206,0.46,0.7176,0.9575,0.7198,0.6443,7.9244,176,,,0.15
reference,BBS11032.xml,ref,Clustal Omega,8,264,0.6471,0.2344,all-columns,0.8185,0.2917,0.6165,0.9067,0.6154,0.7882,8.4282,191,,,0.06
reference,BBS11033.xml,ref,CRAIC built-in (progressive),11,120,0.5634,0.1613,all-columns,0.9071,0.2167,0.4526,0.9231,0.4446,0.5021,4.8849,107,,,0.24
reference,BBS11033.xml,ref,MAFFT,11,123,0.5654,0.0565,all-columns,0.8507,0.1545,0.4677,0.9093,0.4623,0.4864,7.3753,95,,,0.17
reference,BBS11033.xml,ref,MUSCLE,11,117,0.7265,0.1694,all-columns,0.5297,0.2393,0.6367,0.8266,0.6337,0.7384,2.7027,99,,,0.06
reference,BBS11033.xml,ref,Clustal Omega,11,123,0.4621,0.0,all-columns,0.7279,0.0488,0.3769,0.8353,0.3844,0.5893,5.8211,106,,,0.02
reference,BBS11034.xml,ref,CRAIC built-in (progressive),8,398,0.5654,0.1266,all-columns,0.7551,0.2412,0.5491,0.8132,0.5496,0.7548,6.3623,339,,,1.7
reference,BBS11034.xml,ref,MAFFT,8,398,0.6023,0.2405,all-columns,0.7661,0.3417,0.5771,0.8786,0.5772,0.6637,9.7898,297,,,0.41
reference,BBS11034.xml,ref,MUSCLE,8,395,0.6547,0.2101,all-columns,0.7531,0.357,0.635,0.8779,0.6345,0.7658,7.4344,309,,,0.36
reference,BBS11034.xml,ref,Clustal Omega,8,403,0.5152,0.1114,all-columns,0.8863,0.2308,0.4793,0.8705,0.4783,0.5775,12.3584,309,,,0.14
reference,BBS11035.xml,ref,CRAIC built-in (progressive),5,104,0.5187,0.3226,all-columns,0.8975,0.3558,0.4788,0.8195,0.4773,0.6537,6.3228,63,,,0.06
reference,BBS11035.xml,ref,MAFFT,5,102,0.5453,0.3978,all-columns,0.8548,0.4118,0.5085,0.9206,0.5077,0.5353,6.5863,68,,,0.19
reference,BBS11035.xml,ref,MUSCLE,5,102,0.592,0.3656,all-columns,0.8586,0.3529,0.4859,0.7675,0.4792,0.6154,5.2259,63,,,0.02
reference,BBS11035.xml,ref,Clustal Omega,5,113,0.4933,0.1183,all-columns,0.9077,0.2035,0.4171,0.4854,0.4203,0.5512,1.4948,72,,,0.01
reference,BBS11036.xml,ref,CRAIC built-in (progressive),8,409,0.4492,0.1065,all-columns,0.7514,0.2225,0.4693,1.0,0.463,0.2976,2.6988,406,,,1.67
reference,BBS11036.xml,ref,MAFFT,8,385,0.6001,0.1453,all-columns,0.8358,0.2571,0.5221,0.8973,0.5221,0.6875,8.7448,329,,,0.36
reference,BBS11036.xml,ref,MUSCLE,8,365,0.6073,0.155,all-columns,0.7965,0.2356,0.543,0.914,0.5444,0.3847,5.2912,343,,,0.35
reference,BBS11036.xml,ref,Clustal Omega,8,418,0.5279,0.1501,all-columns,0.8288,0.2081,0.458,0.8997,0.4592,0.7713,10.4962,366,,,0.17
reference,BBS11037.xml,ref,CRAIC built-in (progressive),5,391,0.3766,0.1173,all-columns,0.8454,0.1816,0.3794,0.9487,0.3808,0.2385,11.7171,352,,,0.73
reference,BBS11037.xml,ref,MAFFT,5,408,0.4101,0.1607,all-columns,0.8452,0.2059,0.378,0.9591,0.3782,0.225,10.5378,364,,,0.33
reference,BBS11037.xml,ref,MUSCLE,5,394,0.5109,0.199,all-columns,0.8226,0.2386,0.4643,0.93,0.4678,0.3575,7.9702,354,,,0.18
reference,BBS11037.xml,ref,Clustal Omega,5,447,0.4748,0.2321,all-columns,0.8346,0.302,0.4539,0.9293,0.4545,0.4268,8.0804,406,,,0.09
reference,BBS11038.xml,ref,CRAIC built-in (progressive),8,302,0.7473,0.3642,all-columns,0.8802,0.4702,0.6749,0.9639,0.6773,0.7552,9.0582,206,,,1.13
reference,BBS11038.xml,ref,MAFFT,8,314,0.7421,0.3163,all-columns,0.9239,0.3949,0.6432,0.9175,0.6413,0.7767,11.962,176,,,0.27
reference,BBS11038.xml,ref,MUSCLE,8,286,0.834,0.5016,all-columns,0.8954,0.6084,0.7566,0.9751,0.7544,0.8175,8.8311,167,,,0.19
reference,BBS11038.xml,ref,Clustal Omega,8,321,0.7261,0.4185,all-columns,0.8972,0.4922,0.6532,0.9252,0.6501,0.8088,12.2319,177,,,0.1
reference,BB12001.xml,ref,CRAIC built-in (progressive),11,554,0.7735,0.4118,all-columns,0.9103,0.4711,0.6622,0.9558,0.664,0.8487,13.1236,346,,,5.39
reference,BB12001.xml,ref,MAFFT,11,557,0.8221,0.4474,all-columns,0.8872,0.5153,0.6984,0.9004,0.698,0.8736,14.0702,259,,,0.71
reference,BB12001.xml,ref,MUSCLE,11,536,0.8203,0.4617,all-columns,0.903,0.5317,0.7022,0.9458,0.7032,0.8437,14.8102,270,,,0.99
reference,BB12001.xml,ref,Clustal Omega,11,564,0.8074,0.4759,all-columns,0.8914,0.5195,0.6903,0.9343,0.6897,0.8821,16.0404,280,,,0.38
reference,BB12002.xml,ref,CRAIC built-in (progressive),6,216,0.8783,0.6481,all-columns,0.8916,0.7083,0.8701,0.8841,0.87,0.8878,5.2312,6,,,0.34
reference,BB12002.xml,ref,MAFFT,6,216,0.8883,0.6667,all-columns,0.8721,0.7037,0.8789,0.8852,0.8788,0.8944,2.5519,6,,,0.17
reference,BB12002.xml,ref,MUSCLE,6,216,0.9088,0.7593,all-columns,0.8444,0.7917,0.9035,0.917,0.9037,0.9207,4.0519,10,,,0.07
reference,BB12002.xml,ref,Clustal Omega,6,218,0.9046,0.7407,all-columns,0.8684,0.7844,0.9002,0.9307,0.9002,0.9173,8.3768,14,,,0.02
reference,BB12003.xml,ref,CRAIC built-in (progressive),8,93,0.8701,0.5275,all-columns,0.8808,0.6452,0.8091,0.826,0.8097,0.7957,1.5085,11,,,0.11
reference,BB12003.xml,ref,MAFFT,8,92,0.907,0.6484,all-columns,0.8293,0.7174,0.8246,0.8375,0.8236,0.8261,2.014,5,,,0.23
reference,BB12003.xml,ref,MUSCLE,8,92,0.9174,0.6484,all-columns,0.7132,0.7391,0.837,0.8338,0.8368,0.8537,-0.3094,10,,,0.06
reference,BB12003.xml,ref,Clustal Omega,8,94,0.8418,0.5495,all-columns,0.8003,0.617,0.8074,0.8198,0.8081,0.8257,0.9527,15,,,1.75
reference,BB12004.xml,ref,CRAIC built-in (progressive),15,267,0.9029,0.5451,all-columns,0.8145,0.6367,0.877,0.9423,0.8775,0.933,7.5053,66,,,4.35
reference,BB12004.xml,ref,MAFFT,15,268,0.9434,0.7218,all-columns,0.7326,0.7761,0.93,0.9475,0.9303,0.9495,3.6625,43,,,0.38
reference,BB12004.xml,ref,MUSCLE,15,265,0.9389,0.6617,all-columns,0.7368,0.766,0.9232,0.9539,0.9233,0.9456,5.9009,43,,,0.54
reference,BB12004.xml,ref,Clustal Omega,15,266,0.8967,0.5414,all-columns,0.8314,0.5977,0.891,0.9342,0.8908,0.9228,8.366,48,,,0.14
reference,BB12005.xml,ref,CRAIC built-in (progressive),9,233,0.8383,0.443,all-columns,0.8716,0.5665,0.8122,0.9026,0.8131,0.8676,8.5753,55,,,0.86
reference,BB12005.xml,ref,MAFFT,9,235,0.8541,0.4979,all-columns,0.8371,0.5915,0.8012,0.9106,0.8022,0.869,9.1429,60,,,0.18
reference,BB12005.xml,ref,MUSCLE,9,226,0.8693,0.5148,all-columns,0.8519,0.5885,0.8061,0.8982,0.8069,0.8837,8.1232,49,,,0.15
reference,BB12005.xml,ref,Clustal Omega,9,239,0.8679,0.5401,all-columns,0.8412,0.5858,0.7974,0.904,0.7961,0.8871,9.1313,70,,,0.05
reference,BB12006.xml,ref,CRAIC built-in (progressive),4,238,0.9314,0.8319,all-columns,0.9185,0.8824,0.9265,0.9549,0.9264,0.9381,7.0427,20,,,0.16
reference,BB12006.xml,ref,MAFFT,4,240,0.8681,0.7605,all-columns,0.9689,0.8167,0.8701,0.9684,0.8697,0.8794,13.9217,34,,,0.16
reference,BB12006.xml,ref,MUSCLE,4,238,0.9136,0.8277,all-columns,0.9131,0.8782,0.9069,0.9589,0.9066,0.9277,10.2506,19,,,0.04
reference,BB12006.xml,ref,Clustal Omega,4,238,0.8957,0.8235,all-columns,0.9591,0.8445,0.888,0.9698,0.8874,0.9052,12.5789,34,,,0.02
reference,BB12007.xml,ref,CRAIC built-in (progressive),8,1095,0.832,0.5719,all-columns,0.9401,0.6338,0.7808,0.9194,0.7807,0.8799,22.5278,318,,,15.14
reference,BB12007.xml,ref,MAFFT,8,1121,0.8411,0.5989,all-columns,0.9388,0.6476,0.7789,0.9038,0.7787,0.8833,20.6219,280,,,0.86
reference,BB12007.xml,ref,MUSCLE,8,1100,0.8513,0.5998,all-columns,0.9314,0.6609,0.7946,0.9181,0.7945,0.8758,19.2204,292,,,2.54
reference,BB12007.xml,ref,Clustal Omega,8,1111,0.8286,0.5692,all-columns,0.9566,0.6409,0.775,0.94,0.7758,0.8628,27.6038,324,,,0.79
reference,BB12008.xml,ref,CRAIC built-in (progressive),13,644,0.86,0.4224,all-columns,0.8876,0.4876,0.6253,0.8602,0.6269,0.9023,15.2008,270,,,6.98
reference,BB12008.xml,ref,MAFFT,13,629,0.892,0.4569,all-columns,0.8334,0.4674,0.599,0.7901,0.5979,0.8919,13.6399,235,,,0.77
reference,BB12008.xml,ref,MUSCLE,13,608,0.9011,0.4655,all-columns,0.866,0.4951,0.6211,0.8246,0.6204,0.9251,14.811,230,,,1.28
reference,BB12008.xml,ref,Clustal Omega,13,607,0.8924,0.4741,all-columns,0.8239,0.4778,0.6185,0.8012,0.6187,0.904,13.5701,220,,,0.32
reference,BB12009.xml,ref,CRAIC built-in (progressive),5,103,0.7696,0.449,all-columns,0.9287,0.5049,0.6411,0.8839,0.6439,0.8306,6.7931,41,,,0.06
reference,BB12009.xml,ref,MAFFT,5,100,0.7905,0.4592,all-columns,0.9351,0.52,0.6777,0.9033,0.6779,0.84,7.616,40,,,0.17
reference,BB12009.xml,ref,MUSCLE,5,99,0.7793,0.4694,all-columns,0.9159,0.5354,0.6781,0.8869,0.6842,0.823,6.4816,38,,,0.02
reference,BB12009.xml,ref,Clustal Omega,5,99,0.8883,0.6633,all-columns,0.8411,0.6667,0.77,0.8985,0.7697,0.9138,4.3104,34,,,0.01
reference,BB12010.xml,ref,CRAIC built-in (progressive),7,375,0.875,0.5937,all-columns,0.8773,0.68,0.8207,0.9197,0.8205,0.8901,14.4709,58,,,1.21
reference,BB12010.xml,ref,MAFFT,7,387,0.8784,0.5963,all-columns,0.8714,0.6641,0.8022,0.9095,0.803,0.903,12.3113,74,,,0.23
reference,BB12010.xml,ref,MUSCLE,7,369,0.8749,0.5699,all-columns,0.8639,0.6694,0.8313,0.9083,0.8319,0.8919,10.9872,62,,,0.24
reference,BB12010.xml,ref,Clustal Omega,7,391,0.8954,0.6148,all-columns,0.877,0.7084,0.839,0.9128,0.8394,0.9132,9.8367,80,,,0.07
reference,BB12011.xml,ref,CRAIC built-in (progressive),12,1297,0.6801,0.3039,all-columns,0.9088,0.4233,0.6797,0.8584,0.6808,0.6712,23.299,553,,,23.57
reference,BB12011.xml,ref,MAFFT,12,1249,0.7385,0.4222,all-columns,0.8974,0.494,0.734,0.8721,0.7342,0.7199,20.7523,426,,,1.89
reference,BB12011.xml,ref,MUSCLE,12,1215,0.7495,0.3898,all-columns,0.8699,0.4905,0.7535,0.8754,0.7539,0.7176,19.2796,438,,,4.25
reference,BB12011.xml,ref,Clustal Omega,12,1255,0.6973,0.4498,all-columns,0.9278,0.4956,0.7118,0.8907,0.712,0.6842,26.3075,451,,,1.19
reference,BB12012.xml,ref,CRAIC built-in (progressive),4,390,0.5727,0.3873,all-columns,0.915,0.3744,0.4718,0.7739,0.4726,0.789,12.3767,202,,,0.42
reference,BB12012.xml,ref,MAFFT,4,371,0.5635,0.3613,all-columns,0.9235,0.3666,0.4928,0.821,0.4938,0.8158,13.0673,209,,,0.21
reference,BB12012.xml,ref,MUSCLE,4,389,0.5594,0.3613,all-columns,0.9378,0.3599,0.4649,0.776,0.4652,0.7654,13.6151,200,,,0.1
reference,BB12012.xml,ref,Clustal Omega,4,373,0.5583,0.3671,all-columns,0.9248,0.3807,0.5054,0.8171,0.5076,0.8,12.8761,198,,,0.04
reference,BB12013.xml,ref,CRAIC built-in (progressive),8,766,0.9212,0.7325,all-columns,0.945,0.7611,0.8468,0.9423,0.8473,0.9377,21.2321,113,,,5.73
reference,BB12013.xml,ref,MAFFT,8,776,0.9278,0.7364,all-columns,0.9307,0.7745,0.8591,0.938,0.8593,0.9415,19.0948,110,,,0.47
reference,BB12013.xml,ref,MUSCLE,8,762,0.9329,0.7455,all-columns,0.9412,0.7808,0.8683,0.9599,0.8687,0.9477,20.3536,115,,,1.16
reference,BB12013.xml,ref,Clustal Omega,8,782,0.9153,0.7143,all-columns,0.9442,0.7442,0.8395,0.9563,0.8402,0.9351,22.6861,141,,,0.32
reference,BB12014.xml,ref,CRAIC built-in (progressive),9,141,0.8257,0.3851,all-columns,0.8527,0.4539,0.483,0.9542,0.4765,0.9246,9.0626,85,,,0.16
reference,BB12014.xml,ref,MAFFT,9,152,0.8508,0.3581,all-columns,0.9885,0.3684,0.4013,0.9214,0.3986,0.9238,11.5885,92,,,0.17
reference,BB12014.xml,ref,MUSCLE,9,146,0.8649,0.4392,all-columns,0.7551,0.5205,0.5466,0.9407,0.5447,0.9117,8.5227,87,,,0.05
reference,BB12014.xml,ref,Clustal Omega,9,148,0.9041,0.5135,all-columns,0.7723,0.527,0.571,0.9568,0.5704,0.9469,8.1786,90,,,0.02
reference,BB12015.xml,ref,CRAIC built-in (progressive),12,429,0.8381,0.3714,all-columns,0.762,0.4569,0.4982,0.7032,0.5008,0.6826,9.4049,195,,,1.29
reference,BB12015.xml,ref,MAFFT,12,449,0.8482,0.2998,all-columns,0.8313,0.3764,0.4362,0.6399,0.4377,0.6689,9.9365,208,,,0.31
reference,BB12015.xml,ref,MUSCLE,12,439,0.8527,0.34,all-columns,0.7794,0.4077,0.4569,0.6359,0.4591,0.6635,8.6164,200,,,0.27
reference,BB12015.xml,ref,Clustal Omega,12,454,0.8523,0.3624,all-columns,0.775,0.4207,0.4772,0.6444,0.4776,0.7164,8.0748,206,,,0.06
reference,BB12016.xml,ref,CRAIC built-in (progressive),5,887,0.7816,0.7489,all-columns,0.9052,0.8106,0.8324,0.9134,0.8327,0.81,16.0778,131,,,0.95
reference,BB12016.xml,ref,MAFFT,5,935,0.7974,0.7405,all-columns,0.9442,0.7604,0.7801,0.9144,0.7808,0.7599,20.3369,187,,,0.31
reference,BB12016.xml,ref,MUSCLE,5,945,0.83,0.7889,all-columns,0.9041,0.7989,0.8145,0.928,0.8149,0.7934,17.0558,203,,,0.4
reference,BB12016.xml,ref,Clustal Omega,5,946,0.8028,0.7973,all-columns,0.9059,0.8087,0.823,0.9384,0.8228,0.798,18.565,216,,,0.09
reference,BB12017.xml,ref,CRAIC built-in (progressive),7,497,0.8567,0.6117,all-columns,0.9171,0.6922,0.816,0.9307,0.8169,0.892,12.5849,135,,,2.14
reference,BB12017.xml,ref,MAFFT,7,515,0.8811,0.6835,all-columns,0.882,0.732,0.8226,0.9264,0.8235,0.9315,12.8292,125,,,0.37
reference,BB12017.xml,ref,MUSCLE,7,494,0.8976,0.6718,all-columns,0.9011,0.7449,0.8494,0.9423,0.8491,0.9076,13.0947,124,,,0.46
reference,BB12017.xml,ref,Clustal Omega,7,514,0.8856,0.6777,all-columns,0.906,0.7043,0.814,0.9365,0.8138,0.9291,13.6562,130,,,0.16
reference,BB12018.xml,ref,CRAIC built-in (progressive),4,820,0.9274,0.8479,all-columns,0.9247,0.8732,0.9073,0.9569,0.9074,0.9642,13.8242,113,,,1.89
reference,BB12018.xml,ref,MAFFT,4,826,0.9129,0.8102,all-columns,0.951,0.8341,0.8846,0.9617,0.8852,0.9483,16.235,139,,,0.26
reference,BB12018.xml,ref,MUSCLE,4,818,0.9235,0.8345,all-columns,0.9631,0.8643,0.9065,0.9761,0.9069,0.9559,17.7232,134,,,0.44
reference,BB12018.xml,ref,Clustal Omega,4,842,0.9138,0.8102,all-columns,0.9627,0.8361,0.8808,0.9781,0.8811,0.948,19.504,166,,,0.18
reference,BB12019.xml,ref,CRAIC built-in (progressive),5,796,0.6817,0.4716,all-columns,0.8731,0.5126,0.5952,0.6772,0.5953,0.6678,13.3778,117,,,1.96
reference,BB12019.xml,ref,MAFFT,5,800,0.6883,0.4666,all-columns,0.8818,0.4925,0.5908,0.6733,0.5908,0.6958,10.779,137,,,0.31
reference,BB12019.xml,ref,MUSCLE,5,799,0.6912,0.4893,all-columns,0.871,0.5156,0.5957,0.6724,0.5957,0.6716,12.0812,119,,,0.64
reference,BB12019.xml,ref,Clustal Omega,5,816,0.6779,0.4653,all-columns,0.8724,0.4902,0.5791,0.6912,0.5789,0.7237,13.6649,187,,,0.22
reference,BB12020.xml,ref,CRAIC built-in (progressive),4,128,0.8505,0.7087,all-columns,0.8557,0.7578,0.8529,0.9019,0.854,0.8551,4.5129,21,,,0.04
reference,BB12020.xml,ref,MAFFT,4,129,0.8364,0.7244,all-columns,0.8816,0.7442,0.8269,0.9078,0.8267,0.8317,6.5537,26,,,0.18
reference,BB12020.xml,ref,MUSCLE,4,128,0.8632,0.7165,all-columns,0.85,0.7656,0.8594,0.8976,0.8592,0.8593,3.9885,19,,,0.02
reference,BB12020.xml,ref,Clustal Omega,4,185,0.3089,0.0157,all-columns,0.9846,0.5946,0.7009,0.9545,0.7055,0.5697,11.1902,75,,,0.01
reference,BB12021.xml,ref,CRAIC built-in (progressive),6,82,0.8761,0.7284,all-columns,0.8655,0.8049,0.874,0.9439,0.8755,0.8939,4.5063,16,,,0.06
reference,BB12021.xml,ref,MAFFT,6,86,0.8193,0.6296,all-columns,0.8449,0.686,0.8085,0.8776,0.8082,0.8537,3.9832,19,,,0.16
reference,BB12021.xml,ref,MUSCLE,6,80,0.8325,0.5802,all-columns,0.9195,0.675,0.825,0.8774,0.8263,0.8595,3.5578,15,,,0.02
reference,BB12021.xml,ref,Clustal Omega,6,82,0.8638,0.6543,all-columns,0.9389,0.7073,0.8451,0.9399,0.8456,0.8754,5.3852,21,,,0.01
reference,BB12022.xml,ref,CRAIC built-in (progressive),5,430,0.6851,0.3545,all-columns,0.9259,0.5116,0.5691,0.7625,0.5694,0.4323,11.8753,153,,,0.3
reference,BB12022.xml,ref,MAFFT,5,425,0.7093,0.407,all-columns,0.9317,0.48,0.5485,0.8121,0.5519,0.4638,13.6702,194,,,0.19
reference,BB12022.xml,ref,MUSCLE,5,431,0.7441,0.4026,all-columns,0.8893,0.5592,0.5951,0.7741,0.5948,0.4871,10.1449,159,,,0.1
reference,BB12022.xml,ref,Clustal Omega,5,442,0.7721,0.5011,all-columns,0.8586,0.5588,0.6025,0.7987,0.6047,0.5034,8.702,207,,,0.04
reference,BB12023.xml,ref,CRAIC built-in (progressive),5,769,0.8528,0.6619,all-columns,0.8751,0.7555,0.8353,0.9075,0.835,0.8703,13.6913,142,,,2.39
reference,BB12023.xml,ref,MAFFT,5,780,0.8532,0.6358,all-columns,0.8939,0.7321,0.8208,0.9111,0.8214,0.8851,15.2699,164,,,0.29
reference,BB12023.xml,ref,MUSCLE,5,763,0.8526,0.6449,all-columns,0.8752,0.7326,0.8249,0.907,0.8245,0.8821,14.1174,152,,,0.5
reference,BB12023.xml,ref,Clustal Omega,5,774,0.8591,0.654,all-columns,0.8955,0.7377,0.8219,0.9265,0.8224,0.8852,16.1954,183,,,0.19
reference,BB12024.xml,ref,CRAIC built-in (progressive),4,241,0.9205,0.8148,all-columns,0.825,0.8548,0.9122,0.936,0.9123,0.9148,6.4798,12,,,0.17
reference,BB12024.xml,ref,MAFFT,4,241,0.9004,0.7695,all-columns,0.8983,0.8216,0.8956,0.9278,0.896,0.8981,7.8712,17,,,0.16
reference,BB12024.xml,ref,MUSCLE,4,241,0.9257,0.8272,all-columns,0.8311,0.8589,0.917,0.9307,0.917,0.9177,4.931,10,,,0.04
reference,BB12024.xml,ref,Clustal Omega,4,243,0.9279,0.8148,all-columns,0.8312,0.8642,0.9211,0.9395,0.9214,0.9226,4.868,17,,,0.02
reference,BB12025.xml,ref,CRAIC built-in (progressive),4,222,0.3885,0.0,all-columns,0.9234,0.1486,0.3746,0.5333,0.3786,0.3982,6.1572,127,,,0.12
reference,BB12025.xml,ref,MAFFT,4,221,0.6916,0.4404,all-columns,0.7614,0.5158,0.6569,0.8227,0.6558,0.7652,6.5806,111,,,0.2
reference,BB12025.xml,ref,MUSCLE,4,216,0.6418,0.3853,all-columns,0.8939,0.4537,0.5926,0.838,0.594,0.7477,8.1147,109,,,0.04
reference,BB12025.xml,ref,Clustal Omega,4,219,0.6483,0.3303,all-columns,0.8857,0.4429,0.6043,0.8835,0.6088,0.8123,9.6668,116,,,0.02
reference,BB12026.xml,ref,CRAIC built-in (progressive),18,283,0.846,0.5034,all-columns,0.9529,0.5477,0.789,0.9422,0.7872,0.9439,12.2022,89,,,6.33
reference,BB12026.xml,ref,MAFFT,18,295,0.8805,0.5276,all-columns,0.9079,0.5593,0.8171,0.9417,0.8172,0.934,10.8761,86,,,0.44
reference,BB12026.xml,ref,MUSCLE,18,289,0.8731,0.531,all-columns,0.9348,0.5813,0.8162,0.9365,0.816,0.9222,10.5529,82,,,0.9
reference,BB12026.xml,ref,Clustal Omega,18,295,0.8576,0.4793,all-columns,0.9425,0.5051,0.7966,0.9442,0.796,0.9121,13.6748,86,,,0.22
reference,BB12027.xml,ref,CRAIC built-in (progressive),13,588,0.8809,0.5083,all-columns,0.8514,0.5867,0.7642,0.8922,0.7646,0.9195,12.9967,166,,,7.48
reference,BB12027.xml,ref,MAFFT,13,595,0.9031,0.53,all-columns,0.8433,0.595,0.7576,0.8689,0.7566,0.9177,12.1657,157,,,0.6
reference,BB12027.xml,ref,MUSCLE,13,586,0.9067,0.5317,all-columns,0.8318,0.6109,0.7778,0.8761,0.7778,0.9217,11.8768,146,,,1.35
reference,BB12027.xml,ref,Clustal Omega,13,588,0.8942,0.5367,all-columns,0.8174,0.5833,0.7612,0.8522,0.7593,0.9135,10.4318,150,,,0.37
reference,BB12028.xml,ref,CRAIC built-in (progressive),8,389,0.7693,0.368,all-columns,0.9426,0.4036,0.4952,0.9234,0.4968,0.9288,15.1849,225,,,1.26
reference,BB12028.xml,ref,MAFFT,8,379,0.7531,0.3401,all-columns,0.9359,0.3879,0.4915,0.9049,0.4909,0.8614,16.5992,210,,,0.35
reference,BB12028.xml,ref,MUSCLE,8,349,0.7764,0.3807,all-columns,0.9165,0.4613,0.559,0.9379,0.5583,0.8104,14.0627,190,,,0.26
reference,BB12028.xml,ref,Clustal Omega,8,376,0.7348,0.3477,all-columns,0.9399,0.3963,0.5092,0.9204,0.5083,0.8448,14.7736,208,,,0.08
reference,BB12029.xml,ref,CRAIC built-in (progressive),12,529,0.7826,0.4395,all-columns,0.9452,0.5406,0.7293,0.9059,0.7298,0.8084,16.3442,176,,,5.97
reference,BB12029.xml,ref,MAFFT,12,535,0.7987,0.5251,all-columns,0.923,0.5907,0.7427,0.8991,0.7419,0.7677,16.1384,146,,,0.62
reference,BB12029.xml,ref,MUSCLE,12,531,0.8036,0.5028,all-columns,0.9302,0.5763,0.746,0.8976,0.746,0.7851,17.023,144,,,1.18
reference,BB12029.xml,ref,Clustal Omega,12,543,0.7926,0.5177,all-columns,0.9295,0.5635,0.7297,0.9169,0.7305,0.7866,17.067,182,,,0.27
reference,BB12030.xml,ref,CRAIC built-in (progressive),6,1091,0.6806,0.3647,all-columns,0.7647,0.4867,0.6029,0.7385,0.6034,0.7371,11.7244,461,,,4.25
reference,BB12030.xml,ref,MAFFT,6,1092,0.7465,0.4497,all-columns,0.743,0.4872,0.6045,0.7225,0.6044,0.7503,11.5234,435,,,0.8
reference,BB12030.xml,ref,MUSCLE,6,1099,0.748,0.4506,all-columns,0.7235,0.5123,0.6244,0.7374,0.6244,0.7672,10.3955,452,,,1.2
reference,BB12030.xml,ref,Clustal Omega,6,1100,0.7373,0.4424,all-columns,0.7614,0.5073,0.6292,0.762,0.6295,0.7681,12.7626,451,,,0.3
reference,BB12031.xml,ref,CRAIC built-in (progressive),10,1022,0.774,0.4951,all-columns,0.942,0.5166,0.6851,0.8745,0.6856,0.8665,22.4258,336,,,18.77
reference,BB12031.xml,ref,MAFFT,10,1024,0.7843,0.5068,all-columns,0.9394,0.5293,0.6973,0.8883,0.6974,0.8513,22.688,333,,,1.08
reference,BB12031.xml,ref,MUSCLE,10,1009,0.7884,0.498,all-columns,0.9346,0.5263,0.7077,0.8883,0.7071,0.8535,22.9816,330,,,4.4
reference,BB12031.xml,ref,Clustal Omega,10,1033,0.7802,0.5088,all-columns,0.9254,0.5237,0.705,0.8939,0.7057,0.8683,23.2187,349,,,7.25
reference,BB12032.xml,ref,CRAIC built-in (progressive),9,71,0.8172,0.4,all-columns,0.8418,0.4789,0.8113,0.9168,0.8078,0.8903,4.3139,32,,,0.08
reference,BB12032.xml,ref,MAFFT,9,70,0.871,0.5286,all-columns,0.693,0.5857,0.8615,0.9194,0.8618,0.9019,3.8476,25,,,0.16
reference,BB12032.xml,ref,MUSCLE,9,69,0.9067,0.6,all-columns,0.6896,0.6812,0.8949,0.9424,0.8938,0.9238,3.1153,26,,,0.03
reference,BB12032.xml,ref,Clustal Omega,9,71,0.7677,0.3857,all-columns,0.8975,0.5211,0.758,0.8995,0.755,0.8388,4.8555,30,,,0.01
reference,BB12033.xml,ref,CRAIC built-in (progressive),7,611,0.6289,0.2504,all-columns,0.9018,0.3781,0.5181,0.8237,0.5172,0.7535,13.0397,378,,,2.17
reference,BB12033.xml,ref,MAFFT,7,638,0.6604,0.3011,all-columns,0.8747,0.3699,0.4854,0.808,0.4847,0.7723,15.0151,399,,,0.58
reference,BB12033.xml,ref,MUSCLE,7,625,0.6821,0.3059,all-columns,0.8457,0.3888,0.5359,0.8359,0.5347,0.8034,13.2695,409,,,0.44
reference,BB12033.xml,ref,Clustal Omega,7,625,0.634,0.2868,all-columns,0.881,0.3472,0.4939,0.7845,0.4933,0.7222,14.6318,382,,,0.14
reference,BB12034.xml,ref,CRAIC built-in (progressive),4,277,0.872,0.7329,all-columns,0.8643,0.769,0.8676,0.8768,0.8677,0.8652,4.3396,5,,,0.23
reference,BB12034.xml,ref,MAFFT,4,278,0.879,0.7545,all-columns,0.8442,0.795,0.8795,0.8995,0.8792,0.8745,6.7817,11,,,0.17
reference,BB12034.xml,ref,MUSCLE,4,277,0.879,0.7509,all-columns,0.8495,0.7834,0.8736,0.8811,0.8737,0.8713,3.4676,5,,,0.06
reference,BB12034.xml,ref,Clustal Omega,4,280,0.8987,0.787,all-columns,0.8475,0.8107,0.8869,0.9069,0.8868,0.8918,6.1507,15,,,0.02
reference,BB12035.xml,ref,CRAIC built-in (progressive),27,376,0.8358,0.3141,all-columns,0.7913,0.3936,0.6533,0.9421,0.6507,0.9496,8.807,272,,,15.1
reference,BB12035.xml,ref,MAFFT,27,352,0.8863,0.3718,all-columns,0.7928,0.4886,0.7309,0.9115,0.7308,0.9183,10.5424,150,,,0.91
reference,BB12035.xml,ref,MUSCLE,27,336,0.8886,0.3833,all-columns,0.7741,0.5,0.7534,0.9385,0.752,0.945,10.8584,156,,,1.73
reference,BB12035.xml,ref,Clustal Omega,27,351,0.8504,0.2939,all-columns,0.8329,0.3875,0.6863,0.9248,0.6871,0.9347,11.9712,169,,,0.32
reference,BB12036.xml,ref,CRAIC built-in (progressive),7,235,0.9531,0.817,all-columns,0.8857,0.8979,0.9497,0.9536,0.9496,0.9486,2.6819,5,,,0.48
reference,BB12036.xml,ref,MAFFT,7,235,0.9509,0.8723,all-columns,0.8812,0.9234,0.9569,0.9798,0.9566,0.9535,8.5328,17,,,0.18
reference,BB12036.xml,ref,MUSCLE,7,235,0.9612,0.8298,all-columns,0.8804,0.8894,0.9378,0.9536,0.9379,0.9353,6.2263,9,,,0.09
reference,BB12036.xml,ref,Clustal Omega,7,236,0.9578,0.8511,all-columns,0.8521,0.8941,0.9504,0.9597,0.9504,0.9508,4.0588,12,,,0.04
reference,BB12037.xml,ref,CRAIC built-in (progressive),13,842,0.6221,0.2,all-columns,0.8732,0.2363,0.4867,0.8436,0.4866,0.8948,17.7688,598,,,21.3
reference,BB12037.xml,ref,MAFFT,13,723,0.7839,0.3763,all-columns,0.862,0.4205,0.6292,0.9376,0.6293,0.8762,15.9711,434,,,3.01
reference,BB12037.xml,ref,MUSCLE,13,688,0.7951,0.3867,all-columns,0.8675,0.4375,0.653,0.9434,0.6527,0.8727,14.0923,445,,,3.63
reference,BB12037.xml,ref,Clustal Omega,13,706,0.804,0.4222,all-columns,0.8736,0.4717,0.6536,0.9589,0.6544,0.8912,16.8074,401,,,1.24
reference,BB12038.xml,ref,CRAIC built-in (progressive),10,356,0.7205,0.1593,all-columns,0.8791,0.236,0.5927,0.791,0.5933,0.7915,10.2825,191,,,4.74
reference,BB12038.xml,ref,MAFFT,10,424,0.8209,0.3603,all-columns,0.9479,0.3726,0.5549,0.8974,0.5575,0.8858,16.0133,216,,,0.99
reference,BB12038.xml,ref,MUSCLE,10,396,0.8098,0.3603,all-columns,0.9159,0.399,0.5839,0.8906,0.585,0.8716,14.7649,196,,,1.01
reference,BB12038.xml,ref,Clustal Omega,10,393,0.8155,0.3551,all-columns,0.9349,0.4071,0.6148,0.9077,0.6154,0.8678,15.2469,188,,,10.49
reference,BB12039.xml,ref,CRAIC built-in (progressive),11,100,0.8114,0.4118,all-columns,0.8639,0.46,0.5641,0.8956,0.5619,0.9613,6.7584,53,,,0.41
reference,BB12039.xml,ref,MAFFT,11,123,0.8828,0.4118,all-columns,0.8033,0.3902,0.5449,0.8174,0.5462,0.9037,6.5368,62,,,0.27
reference,BB12039.xml,ref,MUSCLE,11,101,0.8251,0.4314,all-columns,0.8129,0.505,0.6095,0.8987,0.6063,0.8909,6.5692,47,,,0.14
reference,BB12039.xml,ref,Clustal Omega,11,116,0.8126,0.3922,all-columns,0.8385,0.3879,0.5616,0.8968,0.5688,0.8887,6.7138,67,,,3.2
reference,BB12040.xml,ref,CRAIC built-in (progressive),5,142,0.8382,0.5638,all-columns,0.9754,0.6901,0.7831,0.9386,0.7811,0.8741,9.9298,35,,,1.05
reference,BB12040.xml,ref,MAFFT,5,152,0.8955,0.6779,all-columns,0.9804,0.75,0.7857,0.9907,0.7858,0.9231,10.909,45,,,0.29
reference,BB12040.xml,ref,MUSCLE,5,150,0.911,0.6846,all-columns,0.9538,0.7667,0.8089,0.9739,0.8081,0.9369,8.9084,39,,,0.07
reference,BB12040.xml,ref,Clustal Omega,5,152,0.9332,0.8054,all-columns,0.8595,0.8816,0.9189,0.9884,0.9174,0.9623,5.7852,46,,,0.82
reference,BB12041.xml,ref,CRAIC built-in (progressive),7,127,0.6401,0.3411,all-columns,0.8588,0.4567,0.6295,0.8415,0.6247,0.7941,6.4887,62,,,2.29
reference,BB12041.xml,ref,MAFFT,7,132,0.6524,0.3023,all-columns,0.8458,0.4318,0.6593,0.8443,0.6596,0.731,6.8842,58,,,0.28
reference,BB12041.xml,ref,MUSCLE,7,127,0.6596,0.3101,all-columns,0.7759,0.4094,0.6264,0.8046,0.628,0.7423,5.694,59,,,0.08
reference,BB12041.xml,ref,Clustal Omega,7,128,0.606,0.1628,all-columns,0.8694,0.2734,0.5565,0.7643,0.5555,0.7015,7.1339,57,,,3.52
reference,BB12042.xml,ref,CRAIC built-in (progressive),4,515,0.6429,0.4494,all-columns,0.8618,0.4738,0.5964,0.8349,0.5975,0.6916,11.3473,301,,,0.7
reference,BB12042.xml,ref,MAFFT,4,522,0.7149,0.5156,all-columns,0.8245,0.5747,0.6788,0.886,0.6797,0.7524,11.0248,275,,,0.35
reference,BB12042.xml,ref,MUSCLE,4,510,0.6972,0.4903,all-columns,0.8176,0.5333,0.6578,0.8642,0.6574,0.7298,11.1836,267,,,0.32
reference,BB12042.xml,ref,Clustal Omega,4,548,0.6103,0.4047,all-columns,0.8265,0.4635,0.5842,0.8399,0.583,0.7012,12.5402,321,,,4.01
reference,BB12043.xml,ref,CRAIC built-in (progressive),34,685,0.7975,0.1221,all-columns,0.9394,0.181,0.3918,0.9463,0.3916,0.9516,17.7914,541,,,35.16
reference,BB12043.xml,ref,MAFFT,34,736,0.8608,0.1831,all-columns,0.7708,0.2174,0.3498,0.5725,0.3491,0.7011,11.8244,409,,,2.97
reference,BB12043.xml,ref,MUSCLE,34,722,0.8623,0.1759,all-columns,0.7904,0.2036,0.3505,0.646,0.3496,0.8734,14.1098,468,,,8.65
reference,BB12043.xml,ref,Clustal Omega,34,717,0.8368,0.1817,all-columns,0.8049,0.2162,0.3601,0.7172,0.3614,0.8688,15.2175,464,,,3.44
reference,BB12044.xml,ref,CRAIC built-in (progressive),11,653,0.819,0.5022,all-columns,0.8486,0.6018,0.7827,0.8894,0.7827,0.8599,13.4354,174,,,8.55
reference,BB12044.xml,ref,MAFFT,11,663,0.8381,0.5468,all-columns,0.872,0.632,0.7724,0.8827,0.7735,0.8566,16.7863,143,,,0.85
reference,BB12044.xml,ref,MUSCLE,11,649,0.8595,0.5884,all-columns,0.8433,0.6703,0.803,0.9088,0.8038,0.8924,13.6685,162,,,1.51
reference,BB12044.xml,ref,Clustal Omega,11,665,0.8701,0.5899,all-columns,0.8749,0.6737,0.8056,0.9145,0.8057,0.9024,15.488,158,,,0.38
reference,BBS12001.xml,ref,CRAIC built-in (progressive),11,528,0.8056,0.469,all-columns,0.8971,0.5114,0.7002,0.9412,0.7004,0.8738,14.071,278,,,5.3
reference,BBS12001.xml,ref,MAFFT,11,513,0.8325,0.4748,all-columns,0.9416,0.5341,0.7234,0.914,0.7244,0.8791,15.8508,205,,,0.48
reference,BBS12001.xml,ref,MUSCLE,11,497,0.844,0.4767,all-columns,0.9175,0.5453,0.7515,0.9533,0.7509,0.857,15.0737,227,,,0.89
reference,BBS12001.xml,ref,Clustal Omega,11,524,0.7805,0.4574,all-columns,0.9507,0.5153,0.7015,0.9427,0.7017,0.8689,16.495,221,,,0.23
reference,BBS12002.xml,ref,CRAIC built-in (progressive),6,187,0.9026,0.7005,all-columns,0.8521,0.7487,0.9084,0.9084,,,,0,,,0.23
reference,BBS12002.xml,ref,MAFFT,6,187,0.9064,0.7166,all-columns,0.915,0.7487,0.9109,0.9166,0.9108,0.9111,3.4966,4,,,0.16
reference,BBS12002.xml,ref,MUSCLE,6,187,0.9147,0.7433,all-columns,0.8328,0.7807,0.9187,0.9201,0.9189,0.9183,1.2268,1,,,0.05
reference,BBS12002.xml,ref,Clustal Omega,6,188,0.9197,0.7594,all-columns,0.8644,0.8085,0.9216,0.9326,0.9218,0.9271,4.8801,5,,,0.02
reference,BBS12003.xml,ref,CRAIC built-in (progressive),8,69,0.8992,0.7101,all-columns,0.9049,0.7826,0.8974,0.9187,0.8975,0.8927,3.9177,3,,,0.05
reference,BBS12003.xml,ref,MAFFT,8,69,0.9365,0.8116,all-columns,0.8644,0.8551,0.9301,0.9354,0.9302,0.9291,1.962,1,,,0.15
reference,BBS12003.xml,ref,MUSCLE,8,69,0.9322,0.7971,all-columns,0.8276,0.8406,0.9279,0.9279,,,,0,,,0.02
reference,BBS12003.xml,ref,Clustal Omega,8,69,0.9212,0.7681,all-columns,0.7967,0.8116,0.9218,0.9253,0.9214,0.917,0.8366,4,,,0.01
reference,BBS12004.xml,ref,CRAIC built-in (progressive),15,260,0.921,0.6124,all-columns,0.7951,0.7077,0.9102,0.9502,0.9109,0.9377,7.1053,45,,,3.66
reference,BBS12004.xml,ref,MAFFT,15,259,0.9455,0.7171,all-columns,0.8041,0.7683,0.9314,0.9516,0.9314,0.9539,5.4811,27,,,0.29
reference,BBS12004.xml,ref,MUSCLE,15,257,0.9437,0.6628,all-columns,0.7463,0.7626,0.9417,0.9596,0.9418,0.951,6.0673,28,,,0.46
reference,BBS12004.xml,ref,Clustal Omega,15,261,0.9029,0.5504,all-columns,0.9004,0.59,0.8861,0.9344,0.8863,0.9162,9.9205,37,,,0.13
reference,BBS12005.xml,ref,CRAIC built-in (progressive),9,202,0.8911,0.6364,all-columns,0.9011,0.7129,0.8859,0.9457,0.8861,0.8948,10.0522,27,,,0.71
reference,BBS12005.xml,ref,MAFFT,9,207,0.8766,0.6316,all-columns,0.8737,0.7295,0.8775,0.9437,0.8773,0.8807,9.6693,31,,,0.19
reference,BBS12005.xml,ref,MUSCLE,9,204,0.9069,0.6651,all-columns,0.8096,0.7451,0.8964,0.943,0.8961,0.914,7.8594,28,,,0.14
reference,BBS12005.xml,ref,Clustal Omega,9,210,0.8717,0.5742,all-columns,0.8566,0.6286,0.8498,0.8916,0.8494,0.8836,6.3579,30,,,0.04
reference,BBS12006.xml,ref,CRAIC built-in (progressive),4,233,0.9421,0.8584,all-columns,0.9487,0.8927,0.9356,0.9625,0.9352,0.9495,7.7872,15,,,0.14
reference,BBS12006.xml,ref,MAFFT,4,237,0.8745,0.7811,all-columns,0.9928,0.827,0.8776,0.9678,0.8774,0.8889,13.9382,30,,,0.16
reference,BBS12006.xml,ref,MUSCLE,4,233,0.9294,0.8627,all-columns,0.9431,0.8927,0.9206,0.9598,0.9203,0.9386,10.2391,13,,,0.05
reference,BBS12006.xml,ref,Clustal Omega,4,233,0.8911,0.8112,all-columns,0.9878,0.8326,0.8805,0.9634,0.8803,0.9033,12.9067,28,,,0.02
reference,BBS12007.xml,ref,CRAIC built-in (progressive),8,1037,0.8388,0.5917,all-columns,0.9524,0.6557,0.8061,0.9382,0.8063,0.8673,23.9621,272,,,12.79
reference,BBS12007.xml,ref,MAFFT,8,1057,0.8379,0.6144,all-columns,0.9539,0.6651,0.7964,0.9192,0.7964,0.8736,22.2393,235,,,0.66
reference,BBS12007.xml,ref,MUSCLE,8,1043,0.8511,0.621,all-columns,0.9366,0.6836,0.8168,0.9328,0.817,0.8747,22.1347,257,,,2.21
reference,BBS12007.xml,ref,Clustal Omega,8,1063,0.8254,0.5813,all-columns,0.9604,0.6482,0.7818,0.9361,0.7815,0.8612,26.7451,291,,,0.73
reference,BBS12008.xml,ref,CRAIC built-in (progressive),13,376,0.9195,0.6481,all-columns,0.845,0.7128,0.9231,0.955,0.9229,0.9327,12.0983,44,,,5.1
reference,BBS12008.xml,ref,MAFFT,13,377,0.9203,0.7169,all-columns,0.8559,0.7639,0.9145,0.9522,0.9145,0.9314,14.7182,28,,,0.41
reference,BBS12008.xml,ref,MUSCLE,13,373,0.9424,0.7196,all-columns,0.8921,0.7748,0.9403,0.9656,0.94,0.9539,12.5361,29,,,0.81
reference,BBS12008.xml,ref,Clustal Omega,13,379,0.9197,0.6878,all-columns,0.8878,0.7256,0.904,0.9367,0.9041,0.9307,11.5348,32,,,0.24
reference,BBS12009.xml,ref,CRAIC built-in (progressive),5,69,0.7842,0.4853,all-columns,0.9519,0.5362,0.7957,0.7957,,,,0,,,0.02
reference,BBS12009.xml,ref,MAFFT,5,68,0.8408,0.5882,all-columns,0.8883,0.6471,0.8588,0.8588,,,,0,,,0.14
reference,BBS12009.xml,ref,MUSCLE,5,68,0.8467,0.6029,all-columns,0.8251,0.6618,0.8647,0.8687,0.8648,0.8627,1.33,1,,,0.01
reference,BBS12009.xml,ref,Clustal Omega,5,68,0.817,0.5294,all-columns,0.9735,0.5735,0.8279,0.8836,0.8279,0.7964,4.8975,13,,,0.01
reference,BBS12010.xml,ref,CRAIC built-in (progressive),7,326,0.9002,0.6717,all-columns,0.8499,0.7362,0.8881,0.9134,0.8881,0.8988,10.2376,15,,,1.16
reference,BBS12010.xml,ref,MAFFT,7,330,0.8966,0.6627,all-columns,0.875,0.7455,0.8829,0.9123,0.8832,0.8961,10.072,16,,,0.23
reference,BBS12010.xml,ref,MUSCLE,7,323,0.9044,0.6657,all-columns,0.8655,0.7554,0.8978,0.9152,0.8978,0.906,8.8364,11,,,0.19
reference,BBS12010.xml,ref,Clustal Omega,7,334,0.9114,0.6837,all-columns,0.9188,0.7874,0.8933,0.9209,0.8932,0.9124,7.7292,26,,,0.05
reference,BBS12011.xml,ref,CRAIC built-in (progressive),12,641,0.7296,0.3287,all-columns,0.8589,0.3822,0.7021,0.9278,0.7047,0.7525,13.8159,398,,,10.75
reference,BBS12011.xml,ref,MAFFT,12,666,0.7377,0.3794,all-columns,0.8524,0.4204,0.7004,0.8861,0.7009,0.8163,16.7785,298,,,0.94
reference,BBS12011.xml,ref,MUSCLE,12,634,0.7785,0.3763,all-columns,0.8366,0.4196,0.7398,0.8985,0.7388,0.8151,12.9434,328,,,1.88
reference,BBS12011.xml,ref,Clustal Omega,12,657,0.7074,0.3564,all-columns,0.9089,0.3805,0.6658,0.8959,0.6652,0.8177,17.6703,310,,,8.91
reference,BBS12012.xml,ref,CRAIC built-in (progressive),4,311,0.6272,0.433,all-columns,0.8822,0.5145,0.6452,0.8369,0.6449,0.8135,10.3577,126,,,0.3
reference,BBS12012.xml,ref,MAFFT,4,333,0.5922,0.3863,all-columns,0.8585,0.4535,0.5886,0.7552,0.5869,0.7689,8.6165,139,,,0.2
reference,BBS12012.xml,ref,MUSCLE,4,314,0.5968,0.3925,all-columns,0.9048,0.4809,0.6157,0.7837,0.6152,0.7576,9.5925,116,,,0.08
reference,BBS12012.xml,ref,Clustal Omega,4,348,0.5706,0.3894,all-columns,0.9086,0.4052,0.546,0.7663,0.5501,0.7345,11.0521,154,,,0.03
reference,BBS12013.xml,ref,CRAIC built-in (progressive),8,709,0.9326,0.8037,all-columns,0.9427,0.8152,0.909,0.9492,0.9086,0.9412,18.2797,50,,,5.92
reference,BBS12013.xml,ref,MAFFT,8,712,0.9359,0.8108,all-columns,0.9389,0.8287,0.9108,0.9486,0.9108,0.9415,16.2463,47,,,0.4
reference,BBS12013.xml,ref,MUSCLE,8,704,0.9397,0.8122,all-columns,0.9391,0.8324,0.9239,0.9649,0.924,0.9483,17.5731,57,,,1.03
reference,BBS12013.xml,ref,Clustal Omega,8,715,0.9215,0.7781,all-columns,0.9486,0.8,0.8988,0.9555,0.8988,0.9333,18.5694,69,,,0.27
reference,BBS12014.xml,ref,CRAIC built-in (progressive),9,49,1.0,1.0,all-columns,,1.0,1.0,1.0,,,,0,,,0.04
reference,BBS12014.xml,ref,MAFFT,9,49,1.0,1.0,all-columns,,1.0,1.0,1.0,,,,0,,,0.17
reference,BBS12014.xml,ref,MUSCLE,9,49,1.0,1.0,all-columns,,1.0,1.0,1.0,,,,0,,,0.02
reference,BBS12014.xml,ref,Clustal Omega,9,49,0.9955,0.9796,all-columns,1.0,0.9796,0.9955,0.9955,,,,0,,,0.01
reference,BBS12015.xml,ref,CRAIC built-in (progressive),12,148,0.9302,0.7315,all-columns,0.948,0.8176,0.9011,0.9371,0.9014,0.9063,6.0183,11,,,0.5
reference,BBS12015.xml,ref,MAFFT,12,149,0.9192,0.7047,all-columns,0.9528,0.8121,0.8981,0.914,0.8979,0.9009,4.5557,6,,,0.17
reference,BBS12015.xml,ref,MUSCLE,12,148,0.9352,0.7181,all-columns,0.9001,0.8243,0.9105,0.9256,0.9105,0.9125,3.6963,8,,,0.09
reference,BBS12015.xml,ref,Clustal Omega,12,149,0.906,0.6779,all-columns,0.9516,0.8121,0.8972,0.9289,0.897,0.9049,6.8066,9,,,0.03
reference,BBS12016.xml,ref,CRAIC built-in (progressive),5,99,0.8541,0.6857,all-columns,0.8741,0.7374,0.8727,0.9212,0.8716,0.8682,5.7493,14,,,0.05
reference,BBS12016.xml,ref,MAFFT,5,103,0.8471,0.6381,all-columns,0.9113,0.699,0.8447,0.9,0.8435,0.8556,6.1071,13,,,0.17
reference,BBS12016.xml,ref,MUSCLE,5,104,0.8974,0.7524,all-columns,0.7625,0.7981,0.8984,0.9159,0.8967,0.892,2.1147,16,,,0.02
reference,BBS12016.xml,ref,Clustal Omega,5,109,0.7787,0.5905,all-columns,0.8835,0.6422,0.7636,0.9039,0.7658,0.8195,6.5536,32,,,0.01
reference,BBS12017.xml,ref,CRAIC built-in (progressive),7,480,0.8693,0.6349,all-columns,0.9224,0.7104,0.8372,0.9333,0.837,0.8862,13.2764,113,,,1.76
reference,BBS12017.xml,ref,MAFFT,7,489,0.8775,0.6775,all-columns,0.9297,0.7239,0.8295,0.935,0.83,0.9247,14.1184,107,,,0.31
reference,BBS12017.xml,ref,MUSCLE,7,472,0.9046,0.7018,all-columns,0.9156,0.7627,0.871,0.9487,0.8702,0.9111,12.3007,98,,,0.44
reference,BBS12017.xml,ref,Clustal Omega,7,492,0.8847,0.6775,all-columns,0.9416,0.7053,0.8191,0.9372,0.8187,0.9298,16.6094,104,,,0.13
reference,BBS12018.xml,ref,CRAIC built-in (progressive),4,808,0.9411,0.8662,all-columns,0.9421,0.896,0.934,0.9678,0.9341,0.9507,12.9188,84,,,1.84
reference,BBS12018.xml,ref,MAFFT,4,808,0.9176,0.8265,all-columns,0.9606,0.8527,0.9055,0.9606,0.9058,0.9382,16.7998,101,,,0.26
reference,BBS12018.xml,ref,MUSCLE,4,806,0.9383,0.8501,all-columns,0.9623,0.8871,0.9322,0.9783,0.9324,0.9559,17.6673,100,,,0.43
reference,BBS12018.xml,ref,Clustal Omega,4,815,0.9154,0.8203,all-columns,0.9786,0.8528,0.9006,0.9789,0.9003,0.9469,23.5834,121,,,0.16
reference,BBS12019.xml,ref,CRAIC built-in (progressive),5,540,0.8739,0.7254,all-columns,0.8238,0.7556,0.8654,0.8712,0.8654,0.8744,3.5756,9,,,1.28
reference,BBS12019.xml,ref,MAFFT,5,543,0.8747,0.7199,all-columns,0.8513,0.7514,0.864,0.8772,0.864,0.8753,7.5666,15,,,0.21
reference,BBS12019.xml,ref,MUSCLE,5,542,0.877,0.731,all-columns,0.8313,0.762,0.868,0.8728,0.8681,0.8703,3.9011,6,,,0.26
reference,BBS12019.xml,ref,Clustal Omega,5,550,0.8583,0.6994,all-columns,0.8765,0.72,0.8372,0.876,0.8372,0.8652,12.4197,34,,,0.1
reference,BBS12020.xml,ref,CRAIC built-in (progressive),4,124,0.8516,0.7154,all-columns,0.8631,0.7581,0.8535,0.8904,0.8529,0.8565,4.1729,16,,,0.04
reference,BBS12020.xml,ref,MAFFT,4,125,0.8345,0.7154,all-columns,0.8864,0.736,0.8213,0.8967,0.8216,0.8267,5.4264,25,,,0.17
reference,BBS12020.xml,ref,MUSCLE,4,124,0.8673,0.7236,all-columns,0.8537,0.7661,0.8602,0.9009,0.861,0.8616,4.1171,18,,,0.02
reference,BBS12020.xml,ref,Clustal Omega,4,184,0.3081,0.0163,all-columns,0.9938,0.6141,0.7138,0.9478,0.7124,0.6116,11.1165,69,,,0.01
reference,BBS12021.xml,ref,CRAIC built-in (progressive),6,78,0.9151,0.7922,all-columns,0.9361,0.8333,0.9068,0.9512,0.9065,0.9164,6.2998,7,,,0.04
reference,BBS12021.xml,ref,MAFFT,6,80,0.8476,0.6494,all-columns,0.8079,0.7375,0.8412,0.8826,0.8413,0.8739,3.1575,11,,,0.16
reference,BBS12021.xml,ref,MUSCLE,6,75,0.8939,0.6753,all-columns,0.9108,0.7733,0.9013,0.9275,0.9001,0.9029,4.0343,7,,,0.02
reference,BBS12021.xml,ref,Clustal Omega,6,77,0.866,0.6623,all-columns,0.9473,0.7273,0.8632,0.9175,0.8629,0.8698,4.4791,14,,,0.01
reference,BBS12022.xml,ref,CRAIC built-in (progressive),5,84,0.9001,0.7619,all-columns,0.8551,0.8214,0.9048,0.9353,0.9042,0.8971,2.7097,16,,,0.03
reference,BBS12022.xml,ref,MAFFT,5,84,0.9482,0.869,all-columns,0.7944,0.9048,0.9405,0.9467,0.9403,0.9467,0.9182,9,,,0.17
reference,BBS12022.xml,ref,MUSCLE,5,84,0.9355,0.8333,all-columns,0.8074,0.8929,0.9393,0.939,0.9396,0.9338,-0.1106,7,,,0.01
reference,BBS12022.xml,ref,Clustal Omega,5,85,0.9368,0.8452,all-columns,0.7442,0.8941,0.9424,0.9364,0.9421,0.9429,-0.9828,8,,,0.01
reference,BBS12023.xml,ref,CRAIC built-in (progressive),5,747,0.8734,0.698,all-columns,0.8704,0.7871,0.8631,0.912,0.8632,0.8788,12.4605,98,,,2.1
reference,BBS12023.xml,ref,MAFFT,5,749,0.878,0.6819,all-columns,0.8678,0.7891,0.8705,0.9202,0.8701,0.8807,11.7692,116,,,0.29
reference,BBS12023.xml,ref,MUSCLE,5,747,0.8712,0.6711,all-columns,0.8653,0.7644,0.8562,0.9068,0.8564,0.8731,12.6479,108,,,0.46
reference,BBS12023.xml,ref,Clustal Omega,5,749,0.8727,0.6711,all-columns,0.8865,0.7677,0.8523,0.9262,0.8518,0.8897,15.4404,142,,,0.16
reference,BBS12024.xml,ref,CRAIC built-in (progressive),4,237,0.9134,0.8075,all-columns,0.8697,0.8439,0.9065,0.9284,0.9063,0.9072,8.3539,9,,,0.16
reference,BBS12024.xml,ref,MAFFT,4,237,0.906,0.7782,all-columns,0.8963,0.8228,0.8994,0.92,0.8994,0.8994,6.2999,10,,,0.18
reference,BBS12024.xml,ref,MUSCLE,4,237,0.9299,0.8368,all-columns,0.844,0.8608,0.9198,0.926,0.9198,0.9224,3.086,5,,,0.04
reference,BBS12024.xml,ref,Clustal Omega,4,239,0.9254,0.8075,all-columns,0.8623,0.8577,0.9177,0.9376,0.9178,0.9178,6.5465,12,,,0.02
reference,BBS12025.xml,ref,CRAIC built-in (progressive),4,120,0.7706,0.55,all-columns,0.9239,0.6083,0.7528,0.8125,0.7541,0.7885,4.9426,16,,,0.04
reference,BBS12025.xml,ref,MAFFT,4,120,0.7737,0.5417,all-columns,0.8997,0.6083,0.7653,0.8404,0.766,0.8245,5.432,26,,,0.21
reference,BBS12025.xml,ref,MUSCLE,4,120,0.8211,0.625,all-columns,0.8693,0.675,0.7903,0.8767,0.7913,0.8698,6.1394,24,,,0.01
reference,BBS12025.xml,ref,Clustal Omega,4,120,0.8272,0.7083,all-columns,0.8354,0.7417,0.8125,0.908,0.8143,0.8295,4.9289,33,,,0.01
reference,BBS12026.xml,ref,CRAIC built-in (progressive),18,266,0.8901,0.5444,all-columns,0.9168,0.594,0.8711,0.9336,0.872,0.9163,11.2965,41,,,6.49
reference,BBS12026.xml,ref,MAFFT,18,277,0.8773,0.5222,all-columns,0.9589,0.556,0.8264,0.908,0.8262,0.8946,11.8383,38,,,0.28
reference,BBS12026.xml,ref,MUSCLE,18,265,0.8897,0.5444,all-columns,0.9311,0.5887,0.8665,0.9321,0.8676,0.9313,10.7273,41,,,0.78
reference,BBS12026.xml,ref,Clustal Omega,18,276,0.8582,0.5111,all-columns,0.9644,0.5399,0.8141,0.9224,0.8142,0.8988,15.0784,52,,,0.17
reference,BBS12027.xml,ref,CRAIC built-in (progressive),13,214,0.9271,0.659,all-columns,0.7364,0.7617,0.9204,0.9406,0.9202,0.925,7.2676,13,,,1.69
reference,BBS12027.xml,ref,MAFFT,13,214,0.9413,0.7143,all-columns,0.7889,0.7944,0.9261,0.9479,0.9262,0.9318,8.4573,9,,,0.26
reference,BBS12027.xml,ref,MUSCLE,13,213,0.9405,0.7005,all-columns,0.8112,0.7887,0.9302,0.9418,0.9301,0.9351,5.3015,8,,,0.28
reference,BBS12027.xml,ref,Clustal Omega,13,219,0.9157,0.7143,all-columns,0.8558,0.7626,0.893,0.9314,0.8933,0.9202,8.8896,17,,,0.06
reference,BBS12028.xml,ref,CRAIC built-in (progressive),8,245,0.831,0.5249,all-columns,0.9001,0.5959,0.7507,0.9348,0.7494,0.8553,10.4423,94,,,0.63
reference,BBS12028.xml,ref,MAFFT,8,247,0.8312,0.5517,all-columns,0.9087,0.6113,0.7405,0.9362,0.7409,0.8584,13.9721,70,,,0.2
reference,BBS12028.xml,ref,MUSCLE,8,242,0.8481,0.567,all-columns,0.8673,0.6488,0.7771,0.9273,0.7757,0.8584,11.9343,66,,,0.15
reference,BBS12028.xml,ref,Clustal Omega,8,258,0.7863,0.4981,all-columns,0.9259,0.562,0.7166,0.9236,0.717,0.86,12.3906,86,,,0.05
reference,BBS12029.xml,ref,CRAIC built-in (progressive),12,300,0.9564,0.806,all-columns,0.9533,0.87,0.945,0.953,0.9452,0.9437,5.1535,7,,,2.7
reference,BBS12029.xml,ref,MAFFT,12,300,0.9468,0.7793,all-columns,0.9753,0.8467,0.9254,0.9395,0.9257,0.9236,7.5466,7,,,0.23
reference,BBS12029.xml,ref,MUSCLE,12,300,0.9575,0.8027,all-columns,0.9499,0.8633,0.9394,0.95,0.9394,0.9381,7.4338,6,,,0.38
reference,BBS12029.xml,ref,Clustal Omega,12,298,0.9407,0.7291,all-columns,0.9588,0.7953,0.9225,0.9412,0.9224,0.9243,7.5132,15,,,0.09
reference,BBS12030.xml,ref,CRAIC built-in (progressive),6,239,0.941,0.8417,all-columns,0.918,0.8745,0.9416,0.9416,,,,0,,,0.47
reference,BBS12030.xml,ref,MAFFT,6,239,0.917,0.8,all-columns,0.9369,0.8326,0.918,0.9429,0.9181,0.9212,8.8861,9,,,0.16
reference,BBS12030.xml,ref,MUSCLE,6,239,0.9379,0.8375,all-columns,0.9214,0.8703,0.9385,0.9413,0.9385,0.9382,4.2596,1,,,0.07
reference,BBS12030.xml,ref,Clustal Omega,6,239,0.9201,0.8042,all-columns,0.9307,0.841,0.9194,0.9441,0.9198,0.9278,8.3039,10,,,0.02
reference,BBS12031.xml,ref,CRAIC built-in (progressive),10,1040,0.7753,0.4995,all-columns,0.9404,0.5135,0.6799,0.8791,0.6805,0.8656,21.8059,357,,,17.96
reference,BBS12031.xml,ref,MAFFT,10,1019,0.7845,0.5064,all-columns,0.9498,0.528,0.6981,0.8894,0.6984,0.8523,23.653,323,,,1.1
reference,BBS12031.xml,ref,MUSCLE,10,1005,0.7917,0.5025,all-columns,0.9409,0.5294,0.7117,0.8932,0.7119,0.8572,22.3173,322,,,3.05
reference,BBS12031.xml,ref,Clustal Omega,10,1028,0.7801,0.5064,all-columns,0.9413,0.5214,0.7036,0.8932,0.7034,0.8696,22.7973,337,,,1.1
reference,BBS12032.xml,ref,CRAIC built-in (progressive),9,68,0.8851,0.5507,all-columns,0.7544,0.6324,0.8728,0.9439,0.8718,0.9255,4.1826,24,,,0.07
reference,BBS12032.xml,ref,MAFFT,9,70,0.8721,0.5652,all-columns,0.7483,0.6286,0.8579,0.9183,0.8578,0.8901,3.9294,18,,,0.15
reference,BBS12032.xml,ref,MUSCLE,9,68,0.9062,0.6087,all-columns,0.7213,0.6765,0.8927,0.9382,0.8932,0.9287,2.9477,22,,,0.02
reference,BBS12032.xml,ref,Clustal Omega,9,70,0.7793,0.4203,all-columns,0.8232,0.5429,0.7727,0.8563,0.7748,0.8115,3.6239,23,,,0.01
reference,BBS12033.xml,ref,CRAIC built-in (progressive),7,338,0.753,0.4649,all-columns,0.8627,0.5976,0.7355,0.9126,0.7358,0.7896,10.5314,154,,,1.03
reference,BBS12033.xml,ref,MAFFT,7,346,0.7656,0.4825,all-columns,0.8996,0.578,0.7057,0.8882,0.7047,0.8104,11.09,137,,,0.24
reference,BBS12033.xml,ref,MUSCLE,7,335,0.7738,0.5,all-columns,0.9022,0.594,0.7382,0.9106,0.7381,0.8156,11.5188,139,,,0.21
reference,BBS12033.xml,ref,Clustal Omega,7,356,0.7298,0.4327,all-columns,0.8587,0.5478,0.6871,0.8577,0.6887,0.7912,10.561,144,,,0.06
reference,BBS12034.xml,ref,CRAIC built-in (progressive),4,273,0.8742,0.7363,all-columns,0.8825,0.7692,0.8681,0.8775,0.868,0.8694,4.7598,5,,,0.22
reference,BBS12034.xml,ref,MAFFT,4,274,0.8787,0.7509,all-columns,0.8622,0.792,0.8777,0.8969,0.8774,0.8761,7.4537,9,,,0.18
reference,BBS12034.xml,ref,MUSCLE,4,273,0.8812,0.7546,all-columns,0.8685,0.7839,0.8742,0.8818,0.8741,0.8756,3.964,5,,,0.06
reference,BBS12034.xml,ref,Clustal Omega,4,276,0.8985,0.7839,all-columns,0.863,0.808,0.8853,0.9059,0.8852,0.8969,5.7771,14,,,0.02
reference,BBS12035.xml,ref,CRAIC built-in (progressive),27,253,0.8827,0.4344,all-columns,0.8131,0.5257,0.831,0.9634,0.8324,0.929,7.6832,131,,,17.87
reference,BBS12035.xml,ref,MAFFT,27,247,0.9122,0.4631,all-columns,0.8079,0.583,0.8593,0.9327,0.8582,0.9167,9.3612,56,,,0.52
reference,BBS12035.xml,ref,MUSCLE,27,237,0.9265,0.5164,all-columns,0.7441,0.6287,0.897,0.9472,0.8975,0.95,5.7539,67,,,1.2
reference,BBS12035.xml,ref,Clustal Omega,27,246,0.8857,0.3934,all-columns,0.8318,0.5,0.8322,0.9241,0.8319,0.9281,9.6361,66,,,0.21
reference,BBS12036.xml,ref,CRAIC built-in (progressive),7,217,0.9708,0.8802,all-columns,0.9145,0.9263,0.9684,0.9707,0.9684,0.9682,4.1224,1,,,0.41
reference,BBS12036.xml,ref,MAFFT,7,217,0.9484,0.8571,all-columns,0.9346,0.9124,0.9515,0.974,0.9514,0.9499,12.5554,7,,,0.16
reference,BBS12036.xml,ref,MUSCLE,7,217,0.9743,0.8802,all-columns,0.9124,0.9217,0.9663,0.9677,0.9663,0.9662,2.7265,1,,,0.08
reference,BBS12036.xml,ref,Clustal Omega,7,218,0.9569,0.8387,all-columns,0.9304,0.8853,0.9464,0.9579,0.9463,0.9516,8.1484,4,,,0.02
reference,BBS12037.xml,ref,CRAIC built-in (progressive),13,542,0.7762,0.4019,all-columns,0.8715,0.4649,0.7142,0.9431,0.7167,0.8125,13.0114,317,,,8.58
reference,BBS12037.xml,ref,MAFFT,13,546,0.8268,0.4815,all-columns,0.8325,0.5458,0.7577,0.935,0.7581,0.8892,14.7567,221,,,0.76
reference,BBS12037.xml,ref,MUSCLE,13,533,0.8442,0.4907,all-columns,0.8342,0.5591,0.782,0.9573,0.7817,0.8999,13.037,253,,,1.51
reference,BBS12037.xml,ref,Clustal Omega,13,558,0.7928,0.4315,all-columns,0.8766,0.5054,0.7319,0.939,0.7317,0.9045,18.4355,238,,,0.44
reference,BBS12038.xml,ref,CRAIC built-in (progressive),10,267,0.8754,0.5531,all-columns,0.8186,0.6554,0.8631,0.9406,0.8635,0.9146,7.4334,99,,,1.63
reference,BBS12038.xml,ref,MAFFT,10,271,0.8471,0.5092,all-columns,0.8659,0.5978,0.826,0.8966,0.8262,0.8679,8.5743,58,,,0.22
reference,BBS12038.xml,ref,MUSCLE,10,267,0.8855,0.5714,all-columns,0.8476,0.6629,0.8719,0.9232,0.8719,0.9123,6.7199,69,,,0.24
reference,BBS12038.xml,ref,Clustal Omega,10,270,0.8489,0.4982,all-columns,0.836,0.6,0.8253,0.9218,0.8253,0.8773,9.3014,72,,,0.08
reference,BBS12039.xml,ref,CRAIC built-in (progressive),11,86,0.8937,0.5952,all-columns,0.8405,0.6395,0.7503,0.957,0.7538,0.954,5.7874,35,,,0.14
reference,BBS12039.xml,ref,MAFFT,11,84,0.9019,0.5238,all-columns,0.9108,0.5833,0.7878,0.925,0.7878,0.8958,6.3076,24,,,0.15
reference,BBS12039.xml,ref,MUSCLE,11,82,0.8858,0.5714,all-columns,0.8533,0.622,0.8044,0.9419,0.8051,0.9195,6.3837,28,,,0.03
reference,BBS12039.xml,ref,Clustal Omega,11,87,0.8185,0.4167,all-columns,0.909,0.4598,0.6556,0.8754,0.6581,0.8553,7.4335,29,,,0.03
reference,BBS12040.xml,ref,CRAIC built-in (progressive),5,134,0.9176,0.7836,all-columns,0.9282,0.8657,0.8955,0.9491,0.8947,0.9023,6.4083,18,,,0.07
reference,BBS12040.xml,ref,MAFFT,5,135,0.9219,0.7612,all-columns,0.9649,0.8444,0.883,0.9658,0.8837,0.9126,8.6069,19,,,0.19
reference,BBS12040.xml,ref,MUSCLE,5,134,0.935,0.791,all-columns,0.9675,0.8507,0.898,0.9927,0.8981,0.9409,9.4231,24,,,0.03
reference,BBS12040.xml,ref,Clustal Omega,5,137,0.9324,0.7836,all-columns,0.9711,0.8686,0.91,0.9889,0.9095,0.9565,9.0188,26,,,0.01
reference,BBS12041.xml,ref,CRAIC built-in (progressive),7,122,0.6863,0.3729,all-columns,0.8471,0.459,0.6812,0.8517,0.6837,0.7868,6.3242,57,,,0.11
reference,BBS12041.xml,ref,MAFFT,7,122,0.6515,0.2966,all-columns,0.8242,0.4344,0.6678,0.8183,0.6683,0.6936,6.9239,46,,,0.2
reference,BBS12041.xml,ref,MUSCLE,7,122,0.7332,0.4068,all-columns,0.7567,0.5082,0.7169,0.8224,0.7165,0.8008,4.6373,46,,,0.03
reference,BBS12041.xml,ref,Clustal Omega,7,123,0.6206,0.1864,all-columns,0.8282,0.3089,0.5966,0.8022,0.5968,0.7049,7.0016,57,,,0.01
reference,BBS12042.xml,ref,CRAIC built-in (progressive),4,499,0.6484,0.4469,all-columns,0.8422,0.497,0.6279,0.8597,0.6299,0.6825,11.7131,278,,,0.72
reference,BBS12042.xml,ref,MAFFT,4,515,0.7072,0.5276,all-columns,0.8332,0.5864,0.6835,0.8916,0.6851,0.7348,11.397,246,,,0.24
reference,BBS12042.xml,ref,MUSCLE,4,506,0.7216,0.5256,all-columns,0.7999,0.5771,0.693,0.8759,0.6941,0.7506,12.4132,232,,,0.18
reference,BBS12042.xml,ref,Clustal Omega,4,536,0.6124,0.4134,all-columns,0.8154,0.4832,0.6048,0.8306,0.607,0.6874,12.2594,295,,,0.07
reference,BBS12043.xml,ref,CRAIC built-in (progressive),34,266,0.9084,0.3759,all-columns,0.7675,0.5038,0.8571,0.9641,0.8554,0.9388,7.8139,120,,,30.1
reference,BBS12043.xml,ref,MAFFT,34,265,0.9261,0.4149,all-columns,0.7679,0.5509,0.875,0.9504,0.8745,0.9433,10.0788,62,,,0.8
reference,BBS12043.xml,ref,MUSCLE,34,255,0.9399,0.4539,all-columns,0.7452,0.5608,0.8942,0.9591,0.8945,0.9581,7.2692,76,,,2.45
reference,BBS12043.xml,ref,Clustal Omega,34,270,0.9051,0.4007,all-columns,0.8454,0.4852,0.8437,0.9525,0.8426,0.9508,10.597,84,,,0.35
reference,BBS12044.xml,ref,CRAIC built-in (progressive),11,639,0.8327,0.5145,all-columns,0.8456,0.615,0.8048,0.895,0.8052,0.8721,13.9153,159,,,7.54
reference,BBS12044.xml,ref,MAFFT,11,648,0.8505,0.5651,all-columns,0.8693,0.6435,0.7867,0.8817,0.7867,0.864,14.9091,125,,,0.53
reference,BBS12044.xml,ref,MUSCLE,11,637,0.8749,0.608,all-columns,0.8457,0.686,0.8278,0.9148,0.8278,0.896,14.032,144,,,1.43
reference,BBS12044.xml,ref,Clustal Omega,11,650,0.8753,0.6034,all-columns,0.8676,0.6846,0.8177,0.9072,0.8178,0.9001,14.3007,141,,,0.41
reference,BB20001.xml,ref,CRAIC built-in (progressive),16,754,0.4335,0.2222,all-columns,0.9214,0.2679,0.4631,0.6085,0.4638,0.4066,14.1441,288,,,5.68
reference,BB20001.xml,ref,MAFFT,16,715,0.4205,0.1752,all-columns,0.9157,0.2252,0.4733,0.6214,0.4727,0.346,16.0043,261,,,0.79
reference,BB20001.xml,ref,MUSCLE,16,724,0.4279,0.2183,all-columns,0.9088,0.2569,0.4745,0.6138,0.4754,0.377,14.0963,262,,,1.3
reference,BB20001.xml,ref,Clustal Omega,16,774,0.4446,0.3033,all-columns,0.9087,0.3152,0.5253,0.7076,0.5247,0.4445,18.3567,276,,,0.18
reference,BB20002.xml,ref,CRAIC built-in (progressive),20,2260,0.2339,0.0,all-columns,0.9897,0.0221,0.1108,0.5811,0.111,0.2932,29.7224,2072,,,35.51
reference,BB20002.xml,ref,MAFFT,20,2071,0.3418,0.0026,all-columns,0.6275,0.0179,0.125,0.2967,0.1258,0.4968,9.6856,1926,,,9.02
reference,BB20002.xml,ref,MUSCLE,20,1538,0.2582,0.0,all-columns,0.7415,0.0163,0.1129,0.1556,0.1129,0.5246,1.9967,1463,,,9.81
reference,BB20002.xml,ref,Clustal Omega,20,1973,0.2267,0.0,all-columns,,0.0,0.0917,0.1566,0.092,0.3297,3.6887,1881,,,3.3
reference,BB20004.xml,ref,CRAIC built-in (progressive),55,754,0.8713,0.219,all-columns,0.6895,0.4098,0.8409,0.8723,0.8409,0.8603,8.4868,119,,,320.17
reference,BB20004.xml,ref,MAFFT,55,778,0.8865,0.2991,all-columns,0.7886,0.3432,0.7855,0.8514,0.7857,0.8607,15.8931,107,,,9.08
reference,BB20004.xml,ref,MUSCLE,55,753,0.8807,0.2891,all-columns,0.7882,0.3785,0.7952,0.8611,0.7957,0.8619,17.1573,105,,,37.15
reference,BB20004.xml,ref,Clustal Omega,55,781,0.8792,0.2891,all-columns,0.8323,0.3508,0.7759,0.8526,0.7764,0.8532,17.4419,111,,,3.16
reference,BB20005.xml,ref,CRAIC built-in (progressive),42,532,0.7276,0.0565,all-columns,0.289,0.1278,0.7305,0.7987,0.7315,0.7564,6.1132,266,,,90.39
reference,BB20005.xml,ref,MAFFT,42,548,0.8238,0.1184,all-columns,0.533,0.1715,0.7206,0.8303,0.7203,0.8294,15.3506,140,,,3.32
reference,BB20005.xml,ref,MUSCLE,42,460,0.7919,0.0318,all-columns,0.6154,0.0696,0.7679,0.8101,0.7675,0.7992,7.119,148,,,17.42
reference,BB20005.xml,ref,Clustal Omega,42,574,0.7638,0.0459,all-columns,0.6066,0.0784,0.6715,0.8039,0.6722,0.8042,16.655,167,,,1.09
reference,BB20006.xml,ref,CRAIC built-in (progressive),51,274,0.9413,0.4203,all-columns,0.7707,0.5255,0.9018,0.9699,0.9031,0.98,7.0961,95,,,91.25
reference,BB20006.xml,ref,MAFFT,51,289,0.9623,0.4712,all-columns,0.6641,0.5744,0.9248,0.9487,0.9249,0.9674,4.8714,50,,,1.3
reference,BB20006.xml,ref,MUSCLE,51,281,0.9481,0.4068,all-columns,0.7456,0.5302,0.8925,0.968,0.8927,0.9623,8.1758,65,,,6.05
reference,BB20006.xml,ref,Clustal Omega,51,288,0.9256,0.4881,all-columns,0.7115,0.5729,0.9196,0.9619,0.9193,0.9634,8.209,67,,,0.56
reference,BB20007.xml,ref,CRAIC built-in (progressive),23,599,0.6843,0.1694,all-columns,0.7789,0.2504,0.5752,0.9026,0.5779,0.925,6.9199,532,,,23.03
reference,BB20007.xml,ref,MAFFT,23,534,0.7762,0.2959,all-columns,0.88,0.309,0.663,0.9038,0.6639,0.8847,17.1102,247,,,1.67
reference,BB20007.xml,ref,MUSCLE,23,479,0.7745,0.2673,all-columns,0.7836,0.3382,0.7108,0.934,0.7084,0.9015,11.9502,298,,,3.88
reference,BB20007.xml,ref,Clustal Omega,23,516,0.7542,0.2735,all-columns,0.8499,0.3023,0.66,0.8947,0.6605,0.8504,17.9237,240,,,0.7
reference,BB20009.xml,ref,CRAIC built-in (progressive),29,468,0.8996,0.3986,all-columns,0.7945,0.5641,0.8478,0.9563,0.8487,0.9088,15.3787,109,,,27.89
reference,BB20009.xml,ref,MAFFT,29,456,0.9034,0.4009,all-columns,0.841,0.5219,0.8002,0.9363,0.8001,0.9098,18.6383,96,,,1.01
reference,BB20009.xml,ref,MUSCLE,29,452,0.9119,0.4487,all-columns,0.8449,0.5973,0.817,0.9354,0.8177,0.9115,16.9507,85,,,4.29
reference,BB20009.xml,ref,Clustal Omega,29,461,0.9252,0.4556,all-columns,0.8464,0.564,0.7996,0.9499,0.8,0.9369,17.2798,110,,,0.36
reference,BB20010.xml,ref,CRAIC built-in (progressive),29,1328,0.8402,0.2464,all-columns,0.8299,0.3667,0.8236,0.8906,0.8237,0.86,17.0431,293,,,197.14
reference,BB20010.xml,ref,MAFFT,29,1323,0.859,0.4701,all-columns,0.9267,0.5457,0.8406,0.9071,0.841,0.8726,22.7525,238,,,7.92
reference,BB20010.xml,ref,MUSCLE,29,1299,0.856,0.3268,all-columns,0.8814,0.4257,0.8446,0.8957,0.8448,0.8666,18.6158,224,,,32.05
reference,BB20010.xml,ref,Clustal Omega,29,1328,0.852,0.489,all-columns,0.9293,0.5527,0.8331,0.9065,0.8334,0.8748,23.4438,244,,,4.58
reference,BB20011.xml,ref,CRAIC built-in (progressive),21,207,0.7854,0.0997,all-columns,0.6559,0.4348,0.763,0.9107,0.7623,0.8518,7.3798,107,,,4.5
reference,BB20011.xml,ref,MAFFT,21,422,0.862,0.1611,all-columns,0.7952,0.2109,0.3988,0.9017,0.3985,0.9054,14.1471,321,,,0.56
reference,BB20011.xml,ref,MUSCLE,21,395,0.8183,0.1304,all-columns,0.7012,0.3671,0.5193,0.8239,0.5249,0.7105,10.8205,248,,,0.83
reference,BB20011.xml,ref,Clustal Omega,21,419,0.8224,0.1381,all-columns,0.8659,0.2029,0.3871,0.9072,0.3807,0.8697,14.5498,325,,,0.12
reference,BB20012.xml,ref,CRAIC built-in (progressive),27,892,0.6452,0.091,all-columns,0.8091,0.2612,0.5258,0.798,0.5252,0.6598,20.0798,490,,,35.95
reference,BB20012.xml,ref,MAFFT,27,837,0.6706,0.0674,all-columns,0.7933,0.1792,0.5477,0.7228,0.5485,0.6313,17.8891,394,,,2.25
reference,BB20012.xml,ref,MUSCLE,27,818,0.6687,0.1608,all-columns,0.647,0.4169,0.6906,0.7992,0.6886,0.6276,10.868,346,,,7.43
reference,BB20012.xml,ref,Clustal Omega,27,858,0.6654,0.1442,all-columns,0.8689,0.289,0.5732,0.7828,0.5727,0.6063,18.6801,383,,,0.56
reference,BB20013.xml,ref,CRAIC built-in (progressive),28,1080,0.5873,0.1422,all-columns,0.7457,0.2704,0.5535,0.866,0.5537,0.6518,18.5756,750,,,54.59
reference,BB20013.xml,ref,MAFFT,28,902,0.6411,0.1204,all-columns,0.8195,0.2151,0.5131,0.8332,0.5121,0.6831,18.3553,615,,,3.64
reference,BB20013.xml,ref,MUSCLE,28,897,0.6262,0.1193,all-columns,0.8131,0.2843,0.5634,0.8415,0.5619,0.657,17.7242,599,,,11.82
reference,BB20013.xml,ref,Clustal Omega,28,933,0.6218,0.1078,all-columns,0.7561,0.1758,0.517,0.7483,0.5185,0.6596,14.7041,573,,,1.11
reference,BB20015.xml,ref,CRAIC built-in (progressive),37,337,0.3984,0.0037,all-columns,0.8444,0.0356,0.2834,0.5968,0.2873,0.7349,8.5931,263,,,20.22
reference,BB20015.xml,ref,MAFFT,37,283,0.4787,0.0074,all-columns,0.7617,0.0212,0.3583,0.7893,0.3585,0.862,11.3781,207,,,0.87
reference,BB20015.xml,ref,MUSCLE,37,290,0.4724,0.0037,all-columns,0.5629,0.0517,0.3677,0.8474,0.3665,0.8535,9.3865,242,,,3.84
reference,BB20015.xml,ref,Clustal Omega,37,349,0.4728,0.0,all-columns,0.8534,0.0029,0.289,0.7605,0.2842,0.8078,13.8006,276,,,0.62
reference,BB20016.xml,ref,CRAIC built-in (progressive),27,546,0.5328,0.0,all-columns,0.9227,0.0201,0.2225,0.7872,0.2184,0.6955,21.0023,442,,,10.46
reference,BB20016.xml,ref,MAFFT,27,531,0.5971,0.0065,all-columns,0.881,0.0094,0.3058,0.5776,0.3075,0.5835,13.996,369,,,0.94
reference,BB20016.xml,ref,MUSCLE,27,481,0.5818,0.013,all-columns,0.6791,0.0187,0.32,0.6082,0.3178,0.6089,14.5729,331,,,1.69
reference,BB20016.xml,ref,Clustal Omega,27,530,0.6148,0.0043,all-columns,0.7052,0.0113,0.3211,0.5885,0.3191,0.6257,15.3473,367,,,0.27
reference,BB20017.xml,ref,CRAIC built-in (progressive),45,735,0.9296,0.3382,all-columns,0.7808,0.4585,0.8767,0.9553,0.877,0.9481,20.6096,119,,,197.2
reference,BB20017.xml,ref,MAFFT,45,736,0.9375,0.3743,all-columns,0.7781,0.4742,0.8881,0.9499,0.888,0.9425,17.1519,102,,,9.1
reference,BB20018.xml,ref,CRAIC built-in (progressive),53,354,0.9505,0.4791,all-columns,0.7664,0.5734,0.9216,0.97,0.9216,0.9621,10.6929,63,,,135.02
reference,BB20018.xml,ref,MAFFT,53,349,0.9675,0.5576,all-columns,0.6906,0.6533,0.9487,0.9621,0.9489,0.9682,5.0234,41,,,1.96
reference,BB20017.xml,ref,MUSCLE,45,725,0.9352,0.4024,all-columns,0.7666,0.5131,0.8869,0.9554,0.8871,0.9416,20.4303,94,,,80.84
reference,BB20018.xml,ref,MUSCLE,53,350,0.9522,0.5157,all-columns,0.6789,0.6171,0.9225,0.9611,0.9223,0.9626,10.1161,50,,,19.73
reference,BB20018.xml,ref,Clustal Omega,53,351,0.9588,0.5838,all-columns,0.7002,0.6866,0.9413,0.9632,0.9413,0.964,8.0445,42,,,81.92
reference,BB20019.xml,ref,CRAIC built-in (progressive),24,604,0.8118,0.0159,all-columns,0.4875,0.1656,0.7255,0.8555,0.726,0.8092,12.8815,241,,,27.48
reference,BB20019.xml,ref,MAFFT,24,578,0.8469,0.1097,all-columns,0.688,0.1644,0.7397,0.8602,0.7401,0.8555,17.7356,132,,,2.64
reference,BB20019.xml,ref,MUSCLE,24,567,0.8327,0.0106,all-columns,0.6029,0.0653,0.7337,0.8401,0.7335,0.8232,13.1102,170,,,10.67
reference,BB20019.xml,ref,Clustal Omega,24,584,0.8457,0.1345,all-columns,0.6647,0.2021,0.7437,0.8724,0.744,0.8622,17.4702,144,,,4.72
reference,BB20020.xml,ref,CRAIC built-in (progressive),16,348,0.8609,0.4726,all-columns,0.8229,0.5345,0.7512,0.8886,0.7513,0.905,11.1063,118,,,7.98
reference,BB20020.xml,ref,MAFFT,16,353,0.8688,0.4604,all-columns,0.9065,0.5042,0.7209,0.8914,0.7208,0.8818,12.4663,108,,,0.67
reference,BB20020.xml,ref,MUSCLE,16,333,0.8689,0.4512,all-columns,0.8606,0.5375,0.7531,0.8841,0.7524,0.897,11.5677,96,,,2.31
reference,BB20020.xml,ref,Clustal Omega,16,334,0.8462,0.436,all-columns,0.9018,0.485,0.7359,0.9124,0.7362,0.8769,12.5211,111,,,10.19
reference,BB20022.xml,ref,CRAIC built-in (progressive),58,425,0.7961,0.1605,all-columns,0.7715,0.2494,0.7857,0.8945,0.7866,0.8458,6.1731,295,,,161.22
reference,BB20022.xml,ref,MAFFT,58,415,0.8754,0.2711,all-columns,0.7147,0.3253,0.8459,0.9234,0.8457,0.8866,7.4673,191,,,3.87
reference,BB20022.xml,ref,MUSCLE,58,404,0.8833,0.2278,all-columns,0.7022,0.3218,0.862,0.9464,0.8621,0.8652,5.5693,287,,,38.31
reference,BB20022.xml,ref,Clustal Omega,58,427,0.8827,0.282,all-columns,0.7531,0.3208,0.8401,0.939,0.8403,0.9067,9.5541,204,,,34.4
reference,BB20023.xml,ref,CRAIC built-in (progressive),31,265,0.7177,0.062,all-columns,0.8303,0.1358,0.6794,0.8499,0.6822,0.7933,6.962,172,,,179.66
