mode,condition,item,aligner,n_seqs,n_cols,sp,tc,score_scope,rel_auc,pos_rate,acc_all,acc_retained,acc_retained_random,acc_retained_gap,mask_z,n_masked,rf_full,rf_masked,n_res,n_res_colmask,n_res_resid,rf_resid,rf_resid_matched,rf_resid_random,secs
sim,div0.1_indel0.5_taxa8,rep0,CRAIC built-in (progressive),8,403,0.9983,0.9901,all-columns,1.0,0.995,0.9983,0.9983,,,,0,0.0,0.0,3202,0,0,0.0,0.0,0.0,11.14
sim,div0.1_indel0.5_taxa8,rep1,CRAIC built-in (progressive),8,406,0.9981,0.9877,all-columns,0.9868,0.9926,0.9982,0.9982,,,,0,0.0,0.0,3223,7,1,0.0,0.0,0.0,9.92
sim,div0.1_indel0.5_taxa8,rep2,CRAIC built-in (progressive),8,400,0.9921,0.97,all-columns,0.9909,0.9775,0.9922,0.9922,,,,0,0.0,0.0,3180,5,1,0.0,0.0,0.0,10.23
sim,div0.1_indel0.5_taxa8,rep3,CRAIC built-in (progressive),8,404,0.9971,0.9901,all-columns,0.9938,0.995,0.9972,0.9972,,,,0,0.0,0.0,3214,0,0,0.0,0.0,0.0,9.03
sim,div0.1_indel0.5_taxa8,rep4,CRAIC built-in (progressive),8,411,0.9968,0.9854,all-columns,0.9845,0.9927,0.9969,0.9969,,,,0,0.0,0.0,3206,0,1,0.0,0.0,0.0,10.76
sim,div0.1_indel0.5_taxa8,rep5,CRAIC built-in (progressive),8,400,0.9972,0.9851,all-columns,0.995,0.9925,0.9974,0.9974,,,,0,0.0,0.0,3197,7,0,0.0,0.0,0.0,11.35
sim,div0.1_indel0.5_taxa8,rep6,CRAIC built-in (progressive),8,405,0.9973,0.9852,all-columns,0.971,0.9926,0.9973,0.9973,,,,0,0.0,0.0,3203,2,1,0.0,0.0,0.0,10.41
sim,div0.1_indel0.5_taxa8,rep7,CRAIC built-in (progressive),8,400,0.9987,0.995,all-columns,0.9987,0.995,0.9988,0.9988,,,,0,0.0,0.0,3202,5,1,0.0,0.0,0.0,14.4
sim,div0.1_indel0.5_taxa8,rep8,CRAIC built-in (progressive),8,400,1.0,1.0,all-columns,,1.0,1.0,1.0,,,,0,0.0,0.0,3194,0,0,0.0,0.0,0.0,15.11
sim,div0.1_indel0.5_taxa8,rep9,CRAIC built-in (progressive),8,400,1.0,1.0,all-columns,,1.0,1.0,1.0,,,,0,0.0,0.0,3209,9,0,0.0,0.0,0.0,9.22
sim,div0.1_indel0.5_taxa16,rep0,CRAIC built-in (progressive),16,405,0.998,0.9852,all-columns,0.9942,0.9926,0.998,0.998,,,,0,0.0,0.0,6390,4,3,0.0,0.0,0.0,76.48
sim,div0.1_indel0.5_taxa16,rep1,CRAIC built-in (progressive),16,422,0.9972,0.981,all-columns,0.8954,0.9858,0.9973,0.9973,,,,0,0.0,0.0,6478,13,14,0.0,0.0,0.0,62.89
sim,div0.1_indel0.5_taxa16,rep2,CRAIC built-in (progressive),16,411,0.9945,0.9492,all-columns,0.9484,0.9659,0.9908,0.9924,0.9908,0.9908,16.6328,1,0.0,0.0,6424,18,19,0.0,0.0,0.0038,76.65
sim,div0.1_indel0.5_taxa16,rep3,CRAIC built-in (progressive),16,408,0.9981,0.9877,all-columns,0.9761,0.9926,0.9981,0.9981,,,,0,0.0,0.0,6440,2,8,0.0,0.0,0.0,114.65
sim,div0.1_indel0.5_taxa16,rep4,CRAIC built-in (progressive),16,415,0.995,0.9807,all-columns,0.9951,0.9904,0.9952,0.9952,,,,0,0.0,0.0,6447,2,5,0.0,0.0,0.0,71.37
sim,div0.1_indel0.5_taxa16,rep5,CRAIC built-in (progressive),16,406,0.9935,0.9462,all-columns,0.9054,0.9631,0.9889,0.9889,,,,0,0.0,0.0,6416,2,5,0.0,0.0,0.0,88.92
sim,div0.1_indel0.5_taxa16,rep6,CRAIC built-in (progressive),16,400,0.9994,0.995,all-columns,0.9925,0.9975,0.9994,0.9994,,,,0,0.0,0.0,6322,7,1,0.0,0.0,0.0,79.35
sim,div0.1_indel0.5_taxa16,rep7,CRAIC built-in (progressive),16,406,0.9989,0.9901,all-columns,0.9505,0.9951,0.9989,0.9989,,,,0,0.0,0.0,6383,0,6,0.0,0.0,0.0,77.48
sim,div0.1_indel0.5_taxa16,rep8,CRAIC built-in (progressive),16,411,0.9962,0.9685,all-columns,0.9743,0.9781,0.9946,0.9946,,,,0,0.0,0.0,6456,4,1,0.0,0.0,0.0,76.8
sim,div0.1_indel0.5_taxa16,rep9,CRAIC built-in (progressive),16,409,0.9936,0.9584,all-columns,0.9427,0.9658,0.9937,0.9937,,,,0,0.0,0.0,6393,13,17,0.0,0.0,0.0,50.35
sim,div0.1_indel2.0_taxa8,rep0,CRAIC built-in (progressive),8,412,0.9968,0.983,all-columns,0.9062,0.9903,0.9969,0.9969,,,,0,0.0,0.0,3237,5,3,0.0,0.0,0.0,8.57
sim,div0.1_indel2.0_taxa8,rep1,CRAIC built-in (progressive),8,404,0.992,0.9579,all-columns,0.9749,0.9703,0.9877,0.9877,,,,0,0.0,0.0,3203,19,8,0.0,0.0,0.0,7.62
sim,div0.1_indel2.0_taxa8,rep2,CRAIC built-in (progressive),8,415,0.9858,0.9281,all-columns,0.8761,0.947,0.9853,0.9853,,,,0,0.0,0.0,3203,15,22,0.0,0.0,0.0,7.09
sim,div0.1_indel2.0_taxa8,rep3,CRAIC built-in (progressive),8,416,0.9921,0.9543,all-columns,0.9154,0.9736,0.9924,0.9924,,,,0,0.0,0.0,3241,10,6,0.0,0.0,0.0,8.83
sim,div0.1_indel2.0_taxa8,rep4,CRAIC built-in (progressive),8,421,0.9898,0.9525,all-columns,0.8786,0.9715,0.9907,0.9907,,,,0,0.0,0.0,3203,22,34,0.0,0.0,0.0,6.72
sim,div0.1_indel2.0_taxa8,rep5,CRAIC built-in (progressive),8,400,0.9916,0.9628,all-columns,0.9752,0.9725,0.989,0.989,,,,0,0.2,0.2,3201,16,3,0.2,0.2,0.2,13.95
sim,div0.1_indel2.0_taxa8,rep6,CRAIC built-in (progressive),8,404,0.9923,0.9653,all-columns,0.9779,0.9802,0.9921,0.9921,,,,0,0.0,0.0,3201,5,4,0.0,0.0,0.0,13.43
sim,div0.1_indel2.0_taxa8,rep7,CRAIC built-in (progressive),8,401,0.9891,0.948,all-columns,0.9756,0.9676,0.9854,0.9854,,,,0,0.0,0.0,3169,10,4,0.0,0.0,0.0,12.77
sim,div0.1_indel2.0_taxa8,rep8,CRAIC built-in (progressive),8,408,0.9908,0.9534,all-columns,0.9515,0.9755,0.9908,0.9908,,,,0,0.0,0.0,3210,16,6,0.0,0.0,0.0,11.49
sim,div0.1_indel2.0_taxa8,rep9,CRAIC built-in (progressive),8,405,0.9901,0.9534,all-columns,0.9718,0.9704,0.9907,0.9907,,,,0,0.0,0.0,3185,23,12,0.0,0.0,0.0,10.64
sim,div0.1_indel2.0_taxa16,rep0,CRAIC built-in (progressive),16,418,0.9708,0.8365,all-columns,0.7814,0.8876,0.9668,0.9737,0.9668,0.9664,9.7192,5,0.0,0.0,6278,88,228,0.0,0.0,0.0,72.25
sim,div0.1_indel2.0_taxa16,rep1,CRAIC built-in (progressive),16,422,0.9882,0.9171,all-columns,0.9052,0.9502,0.9878,0.9878,,,,0,0.0,0.0,6352,18,47,0.0769,0.0,0.0269,60.98
sim,div0.1_indel2.0_taxa16,rep2,CRAIC built-in (progressive),16,418,0.981,0.8863,all-columns,0.9247,0.9211,0.9773,0.9773,,,,0,0.0769,0.0769,6450,18,61,0.0769,0.0769,0.0769,108.31
sim,div0.1_indel2.0_taxa16,rep3,CRAIC built-in (progressive),16,415,0.986,0.8633,all-columns,0.7976,0.9181,0.9867,0.9867,,,,0,0.0,0.0,6400,47,113,0.0,0.0,0.0,68.03
sim,div0.1_indel2.0_taxa16,rep4,CRAIC built-in (progressive),16,416,0.9678,0.8293,all-columns,0.8189,0.8942,0.9689,0.9689,,,,0,0.0,0.0,6262,7,126,0.0,0.0,0.0,84.86
sim,div0.1_indel2.0_taxa16,rep5,CRAIC built-in (progressive),16,411,0.9917,0.9465,all-columns,0.8064,0.9635,0.9919,0.9919,,,,0,0.0,0.0,6451,32,32,0.0,0.0,0.0,100.84
sim,div0.1_indel2.0_taxa16,rep6,CRAIC built-in (progressive),16,411,0.9863,0.8959,all-columns,0.8994,0.9319,0.9844,0.9844,,,,0,0.0,0.0,6325,19,58,0.0,0.0,0.0,97.87
sim,div0.1_indel2.0_taxa16,rep7,CRAIC built-in (progressive),16,405,0.9846,0.8938,all-columns,0.8688,0.9309,0.9845,0.9845,,,,0,0.0,0.0,6266,30,62,0.0,0.0,0.0,90.1
sim,div0.1_indel2.0_taxa16,rep8,CRAIC built-in (progressive),16,417,0.9883,0.8843,all-columns,0.8608,0.9376,0.9842,0.9842,,,,0,0.0,0.0,6161,56,113,0.0,0.0,0.0,46.05
sim,div0.1_indel2.0_taxa16,rep9,CRAIC built-in (progressive),16,416,0.9848,0.9038,all-columns,0.7958,0.9423,0.9838,0.9838,,,,0,0.0,0.0,6314,20,45,0.0,0.0,0.0,94.45
sim,div0.1_indel5.0_taxa8,rep0,CRAIC built-in (progressive),8,436,0.9557,0.8391,all-columns,0.8195,0.8853,0.9541,0.9575,0.954,0.9535,5.0848,6,0.0,0.0,3294,93,120,0.0,0.0,0.0,10.17
sim,div0.1_indel5.0_taxa8,rep1,CRAIC built-in (progressive),8,429,0.9775,0.8894,all-columns,0.8755,0.9324,0.9731,0.9729,0.9731,0.9729,-0.4859,3,0.0,0.0,3201,59,94,0.0,0.0,0.0,12.11
sim,div0.1_indel5.0_taxa8,rep2,CRAIC built-in (progressive),8,408,0.9826,0.9049,all-columns,0.8262,0.9461,0.9807,0.9807,,,,0,0.0,0.0,3136,27,31,0.0,0.0,0.0,11.17
sim,div0.1_indel5.0_taxa8,rep3,CRAIC built-in (progressive),8,436,0.9702,0.8493,all-columns,0.9296,0.8968,0.9641,0.9665,0.9641,0.9639,6.5872,2,0.0,0.0,3292,42,84,0.0,0.0,0.0,12.12
sim,div0.1_indel5.0_taxa8,rep4,CRAIC built-in (progressive),8,431,0.9682,0.8427,all-columns,0.8351,0.8933,0.9581,0.9579,0.9581,0.9579,-0.5078,2,0.0,0.0,3131,23,105,0.0,0.0,0.0,9.04
sim,div0.1_indel5.0_taxa8,rep5,CRAIC built-in (progressive),8,427,0.9798,0.9204,all-columns,0.9009,0.9508,0.9788,0.9811,0.9788,0.9787,9.5494,1,0.0,0.0,3235,31,34,0.0,0.0,0.0,11.24
sim,div0.1_indel5.0_taxa8,rep6,CRAIC built-in (progressive),8,414,0.9764,0.8705,all-columns,0.911,0.9227,0.9751,0.9751,,,,0,0.0,0.0,3186,24,28,0.0,0.0,0.0,10.85
sim,div0.1_indel5.0_taxa8,rep7,CRAIC built-in (progressive),8,439,0.9522,0.8159,all-columns,0.8924,0.861,0.9282,0.9282,,,,0,0.0,0.0,3197,21,71,0.0,0.0,0.0,7.21
sim,div0.1_indel5.0_taxa8,rep8,CRAIC built-in (progressive),8,412,0.9744,0.8816,all-columns,0.8816,0.9175,0.9649,0.9649,,,,0,0.0,0.0,3167,26,23,0.0,0.0,0.0,11.04
sim,div0.1_indel5.0_taxa8,rep9,CRAIC built-in (progressive),8,402,0.9872,0.9204,all-columns,0.7902,0.9527,0.9877,0.9877,,,,0,0.0,0.0,3164,39,36,0.0,0.0,0.0,12.99
sim,div0.1_indel5.0_taxa16,rep0,CRAIC built-in (progressive),16,457,0.9398,0.6791,all-columns,0.7689,0.8009,0.9476,0.9525,0.9477,0.9451,3.7025,21,0.0,0.0,6330,338,756,0.0,0.0,0.0,50.44
sim,div0.1_indel5.0_taxa16,rep1,CRAIC built-in (progressive),16,446,0.9635,0.7805,all-columns,0.8362,0.8318,0.9433,0.9541,0.9435,0.9535,8.2348,10,0.0,0.0,6469,170,482,0.0769,0.0,0.0038,47.03
sim,div0.1_indel5.0_taxa16,rep2,CRAIC built-in (progressive),16,455,0.9516,0.7293,all-columns,0.7325,0.8154,0.9481,0.9652,0.9479,0.95,12.0585,22,0.0,0.0,6383,357,815,0.0,0.0,0.0,55.75
sim,div0.1_indel5.0_taxa16,rep3,CRAIC built-in (progressive),16,449,0.9475,0.6911,all-columns,0.7223,0.7773,0.9376,0.9389,0.9381,0.9434,0.3991,25,0.0,0.0,6395,446,773,0.0,0.0,0.0,66.49
sim,div0.1_indel5.0_taxa16,rep4,CRAIC built-in (progressive),16,481,0.9507,0.7407,all-columns,0.7248,0.8233,0.936,0.9522,0.9363,0.9445,5.785,65,0.0,0.0,6357,968,1240,0.0,0.0,0.0,90.75
sim,div0.1_indel5.0_taxa16,rep5,CRAIC built-in (progressive),16,451,0.9624,0.7644,all-columns,0.7053,0.847,0.9655,0.9659,0.9655,0.9649,0.6847,8,0.0,0.0,6461,153,440,0.0769,0.0,0.0,47.92
sim,div0.1_indel5.0_taxa16,rep6,CRAIC built-in (progressive),16,440,0.9608,0.7574,all-columns,0.7779,0.8341,0.9489,0.9678,0.9487,0.9595,10.2589,30,0.0,0.0,6405,488,765,0.0,0.0,0.0,38.68
sim,div0.1_indel5.0_taxa16,rep7,CRAIC built-in (progressive),16,453,0.9623,0.7577,all-columns,0.8058,0.8278,0.9565,0.9599,0.9564,0.9557,4.5351,8,0.0,0.0,6546,184,419,0.0769,0.0769,0.0,59.06
sim,div0.1_indel5.0_taxa16,rep8,CRAIC built-in (progressive),16,450,0.9678,0.7365,all-columns,0.829,0.8244,0.9468,0.9541,0.9469,0.9461,7.6208,6,0.0,0.0,6408,115,413,0.0,0.0,0.0,56.06
sim,div0.1_indel5.0_taxa16,rep9,CRAIC built-in (progressive),16,445,0.93,0.633,all-columns,0.8314,0.7551,0.9183,0.9572,0.9187,0.9191,10.5063,70,0.0,0.0,6243,1068,1121,0.0,0.0,0.0077,39.17
sim,div0.25_indel0.5_taxa8,rep0,CRAIC built-in (progressive),8,405,0.9901,0.9605,all-columns,0.8722,0.9753,0.9902,0.9902,,,,0,0.0,0.0,3213,3,10,0.0,0.0,0.0,9.16
sim,div0.25_indel0.5_taxa8,rep1,CRAIC built-in (progressive),8,404,0.9983,0.9926,all-columns,0.9863,0.995,0.9983,0.9983,,,,0,0.0,0.0,3211,3,2,0.0,0.0,0.0,9.36
sim,div0.25_indel0.5_taxa8,rep2,CRAIC built-in (progressive),8,400,0.996,0.985,all-columns,0.995,0.9925,0.9961,0.9961,,,,0,0.0,0.0,3188,2,0,0.0,0.0,0.0,13.61
sim,div0.25_indel0.5_taxa8,rep3,CRAIC built-in (progressive),8,413,0.9932,0.9564,all-columns,0.9854,0.9782,0.9933,0.9933,,,,0,0.0,0.0,3254,7,8,0.0,0.0,0.0,9.22
sim,div0.25_indel0.5_taxa8,rep4,CRAIC built-in (progressive),8,402,0.9972,0.9851,all-columns,0.9524,0.9925,0.9972,0.9972,,,,0,0.0,0.0,3168,0,21,0.0,0.0,0.0,9.53
sim,div0.25_indel0.5_taxa8,rep5,CRAIC built-in (progressive),8,404,0.9964,0.9752,all-columns,0.726,0.9802,0.9945,0.9945,,,,0,0.0,0.0,3208,8,3,0.0,0.0,0.0,8.81
sim,div0.25_indel0.5_taxa8,rep6,CRAIC built-in (progressive),8,406,0.9983,0.9901,all-columns,0.9839,0.9951,0.9983,0.9983,,,,0,0.0,0.0,3213,0,0,0.0,0.0,0.0,9.95
sim,div0.25_indel0.5_taxa8,rep7,CRAIC built-in (progressive),8,400,0.9935,0.9725,all-columns,0.9684,0.9825,0.9933,0.9933,,,,0,0.0,0.0,3170,11,14,0.0,0.0,0.0,8.15
sim,div0.25_indel0.5_taxa8,rep8,CRAIC built-in (progressive),8,400,0.9961,0.98,all-columns,0.9893,0.99,0.9962,0.9962,,,,0,0.0,0.0,3175,0,3,0.0,0.0,0.0,7.67
sim,div0.25_indel0.5_taxa8,rep9,CRAIC built-in (progressive),8,405,0.9989,0.9951,all-columns,0.9975,0.9975,0.9989,0.9989,,,,0,0.2,0.2,3199,3,6,0.2,0.2,0.2,8.88
sim,div0.25_indel0.5_taxa16,rep0,CRAIC built-in (progressive),16,429,0.972,0.8578,all-columns,0.9246,0.9044,0.9729,0.9779,0.9729,0.9725,9.114,6,0.0,0.0,6435,106,346,0.0,0.0,0.0,48.35
sim,div0.25_indel0.5_taxa16,rep1,CRAIC built-in (progressive),16,413,0.9757,0.8571,all-columns,0.8011,0.9031,0.9759,0.9759,,,,0,0.0,0.0,6385,10,117,0.0,0.0,0.0,47.09
sim,div0.25_indel0.5_taxa16,rep2,CRAIC built-in (progressive),16,408,0.9804,0.8701,all-columns,0.7761,0.9093,0.9811,0.9811,,,,0,0.0769,0.0769,6384,20,124,0.0769,0.0769,0.0769,37.16
sim,div0.25_indel0.5_taxa16,rep3,CRAIC built-in (progressive),16,424,0.9517,0.8349,all-columns,0.8563,0.8915,0.9528,0.9676,0.9528,0.9541,11.7815,14,0.0,0.0769,6441,236,381,0.0769,0.0769,0.0115,68.37
sim,div0.25_indel0.5_taxa16,rep4,CRAIC built-in (progressive),16,420,0.9809,0.8881,all-columns,0.8242,0.9238,0.9818,0.9818,,,,0,0.0,0.0,6465,16,174,0.0,0.0,0.0038,49.4
sim,div0.25_indel0.5_taxa16,rep5,CRAIC built-in (progressive),16,406,0.993,0.9335,all-columns,0.7165,0.9483,0.9917,0.9917,,,,0,0.0769,0.0769,6379,24,47,0.0769,0.0769,0.0769,60.83
sim,div0.25_indel0.5_taxa16,rep6,CRAIC built-in (progressive),16,409,0.9749,0.8756,all-columns,0.888,0.9046,0.9727,0.9738,0.9727,0.9726,3.9485,1,0.0,0.0,6305,26,205,0.0,0.0,0.0,73.06
sim,div0.25_indel0.5_taxa16,rep7,CRAIC built-in (progressive),16,412,0.9831,0.8762,all-columns,0.902,0.9078,0.983,0.983,,,,0,0.0,0.0,6337,5,61,0.0,0.0,0.0,62.38
sim,div0.25_indel0.5_taxa16,rep8,CRAIC built-in (progressive),16,418,0.9683,0.8101,all-columns,0.851,0.878,0.969,0.9759,0.969,0.9709,10.2304,7,0.0,0.0,6385,114,256,0.0,0.0,0.0,65.73
sim,div0.25_indel0.5_taxa16,rep9,CRAIC built-in (progressive),16,414,0.9757,0.8673,all-columns,0.7467,0.8889,0.9679,0.9679,,,,0,0.0,0.0,6423,38,200,0.0,0.0,0.0,48.1
sim,div0.25_indel2.0_taxa8,rep0,CRAIC built-in (progressive),8,416,0.9413,0.7842,all-columns,0.8716,0.8462,0.9416,0.9431,0.9416,0.9412,2.4618,3,0.0,0.0,3154,60,234,0.0,0.0,0.0,8.34
sim,div0.25_indel2.0_taxa8,rep1,CRAIC built-in (progressive),8,417,0.9856,0.9233,all-columns,0.8486,0.9568,0.9854,0.9854,,,,0,0.0,0.0,3214,19,82,0.0,0.0,0.0,8.23
sim,div0.25_indel2.0_taxa8,rep2,CRAIC built-in (progressive),8,399,0.982,0.9018,all-columns,0.8426,0.9173,0.9746,0.9795,0.9746,0.9795,15.1614,2,0.2,0.2,3149,24,72,0.2,0.2,0.18,8.16
sim,div0.25_indel2.0_taxa8,rep3,CRAIC built-in (progressive),8,421,0.9864,0.9151,all-columns,0.7879,0.9454,0.983,0.983,,,,0,0.0,0.0,3255,15,27,0.0,0.0,0.0,6.74
sim,div0.25_indel2.0_taxa8,rep4,CRAIC built-in (progressive),8,445,0.9208,0.7303,all-columns,0.8156,0.809,0.9167,0.9416,0.9167,0.9177,8.8956,43,0.0,0.0,3246,333,401,0.0,0.0,0.0,5.32
sim,div0.25_indel2.0_taxa8,rep5,CRAIC built-in (progressive),8,433,0.973,0.8984,all-columns,0.8614,0.9423,0.9754,0.9779,0.9754,0.9752,5.4475,4,0.2,0.2,3251,46,96,0.2,0.2,0.2,7.76
sim,div0.25_indel2.0_taxa8,rep6,CRAIC built-in (progressive),8,414,0.9783,0.8966,all-columns,0.86,0.9348,0.9767,0.9767,,,,0,0.0,0.0,3202,16,48,0.0,0.0,0.0,7.64
sim,div0.25_indel2.0_taxa8,rep7,CRAIC built-in (progressive),8,414,0.9606,0.8281,all-columns,0.7547,0.8768,0.9591,0.9614,0.9591,0.9614,7.7163,1,0.0,0.0,3159,23,133,0.0,0.0,0.0,6.74
sim,div0.25_indel2.0_taxa8,rep8,CRAIC built-in (progressive),8,433,0.9612,0.8387,all-columns,0.8487,0.903,0.9618,0.9633,0.9618,0.9617,5.8762,1,0.0,0.0,3261,37,142,0.0,0.0,0.0,8.17
sim,div0.25_indel2.0_taxa8,rep9,CRAIC built-in (progressive),8,412,0.9592,0.8116,all-columns,0.8961,0.8665,0.9516,0.9572,0.9516,0.9544,8.4381,4,0.0,0.0,3223,56,122,0.0,0.0,0.01,7.61
sim,div0.25_indel2.0_taxa16,rep0,CRAIC built-in (progressive),16,461,0.8536,0.4759,all-columns,0.7667,0.6226,0.8552,0.9582,0.8542,0.8286,6.116,317,0.0769,0.0,6351,4780,4197,0.3846,0.6154,0.4615,63.12
sim,div0.25_indel2.0_taxa16,rep1,CRAIC built-in (progressive),16,426,0.9138,0.627,all-columns,0.8135,0.7113,0.9129,0.9325,0.9131,0.9108,9.662,25,0.0769,0.1538,6265,362,882,0.1538,0.1538,0.0846,47.76
sim,div0.25_indel2.0_taxa16,rep2,CRAIC built-in (progressive),16,451,0.8769,0.4945,all-columns,0.8191,0.6386,0.8743,0.9554,0.8747,0.8711,11.8589,157,0.0769,0.0769,6452,2406,2301,0.2308,0.2308,0.1154,63.07
sim,div0.25_indel2.0_taxa16,rep3,CRAIC built-in (progressive),16,468,0.8973,0.5951,all-columns,0.7758,0.6902,0.8855,0.9559,0.8852,0.904,10.0646,160,0.1538,0.0769,6399,2368,2433,0.0769,0.0769,0.1384,41.73
sim,div0.25_indel2.0_taxa16,rep4,CRAIC built-in (progressive),16,480,0.8371,0.4904,all-columns,0.8159,0.6125,0.8525,0.9707,0.8528,0.809,7.1911,328,0.0769,0.4615,6433,4923,4351,0.3846,0.7692,0.7115,35.61
sim,div0.25_indel2.0_taxa16,rep5,CRAIC built-in (progressive),16,450,0.9617,0.755,all-columns,0.6751,0.8244,0.9495,0.9592,0.9494,0.9525,8.398,14,0.0,0.0,6497,208,752,0.0,0.0,0.0538,48.56
sim,div0.25_indel2.0_taxa16,rep6,CRAIC built-in (progressive),16,428,0.9277,0.6163,all-columns,0.7911,0.7243,0.9197,0.9436,0.9194,0.9224,9.5088,48,0.0769,0.0769,6254,758,1027,0.0769,0.0769,0.0807,61.66
sim,div0.25_indel2.0_taxa16,rep7,CRAIC built-in (progressive),16,443,0.9304,0.6432,all-columns,0.7347,0.7494,0.9281,0.9419,0.928,0.927,6.6044,39,0.0769,0.0769,6296,633,978,0.0769,0.0769,0.0807,56.37
sim,div0.25_indel2.0_taxa16,rep8,CRAIC built-in (progressive),16,452,0.9477,0.7277,all-columns,0.7741,0.7876,0.938,0.9539,0.9381,0.9445,7.7305,37,0.0,0.0,6461,544,1074,0.0,0.0,0.0115,64.49
sim,div0.25_indel2.0_taxa16,rep9,CRAIC built-in (progressive),16,446,0.902,0.5448,all-columns,0.7639,0.6614,0.8921,0.9531,0.8928,0.9097,7.5394,164,0.1538,0.0769,6376,2329,2548,0.5385,0.3846,0.1808,58.79
sim,div0.25_indel5.0_taxa8,rep0,CRAIC built-in (progressive),8,436,0.8775,0.6227,all-columns,0.7833,0.7156,0.8599,0.9044,0.8603,0.8763,7.9675,75,0.0,0.0,3184,619,784,0.0,0.0,0.0,4.58
sim,div0.25_indel5.0_taxa8,rep1,CRAIC built-in (progressive),8,448,0.8937,0.6059,all-columns,0.7483,0.6942,0.8566,0.8833,0.8564,0.8828,6.9572,48,0.0,0.0,3221,414,653,0.0,0.0,0.0,8.9
sim,div0.25_indel5.0_taxa8,rep2,CRAIC built-in (progressive),8,428,0.8605,0.5841,all-columns,0.8381,0.6706,0.8488,0.9328,0.8485,0.8645,11.4947,112,0.0,0.0,3195,899,892,0.0,0.0,0.15,7.66
sim,div0.25_indel5.0_taxa8,rep3,CRAIC built-in (progressive),8,454,0.885,0.6253,all-columns,0.8579,0.7203,0.8883,0.9283,0.8885,0.8802,11.8871,53,0.0,0.0,3259,459,605,0.0,0.0,0.1,8.42
sim,div0.25_indel5.0_taxa8,rep4,CRAIC built-in (progressive),8,467,0.7554,0.375,all-columns,0.7718,0.5182,0.7613,0.9202,0.761,0.772,9.3978,295,0.0,0.2,3267,2225,2016,0.4,0.4,0.24,8.1
sim,div0.25_indel5.0_taxa8,rep5,CRAIC built-in (progressive),8,430,0.8792,0.5837,all-columns,0.7606,0.6791,0.8714,0.9147,0.8717,0.8795,8.9828,84,0.0,0.2,3163,693,722,0.0,0.0,0.09,7.35
sim,div0.25_indel5.0_taxa8,rep6,CRAIC built-in (progressive),8,419,0.9435,0.7629,all-columns,0.8292,0.8258,0.932,0.9343,0.932,0.9313,2.9922,4,0.0,0.0,3133,56,250,0.0,0.0,0.0,7.16
sim,div0.25_indel5.0_taxa8,rep7,CRAIC built-in (progressive),8,457,0.8996,0.6814,all-columns,0.8454,0.7702,0.8902,0.9256,0.8906,0.8912,10.228,42,0.0,0.0,3277,358,478,0.0,0.0,0.04,4.94
sim,div0.25_indel5.0_taxa8,rep8,CRAIC built-in (progressive),8,456,0.8433,0.5802,all-columns,0.8664,0.6732,0.8473,0.9083,0.8479,0.8364,12.7937,70,0.0,0.0,3241,559,704,0.0,0.0,0.05,4.59
sim,div0.25_indel5.0_taxa8,rep9,CRAIC built-in (progressive),8,426,0.8408,0.4753,all-columns,0.7262,0.561,0.8101,0.8746,0.8109,0.8453,6.325,170,0.2,0.0,3151,1329,1233,0.6,0.8,0.24,9.17
sim,div0.25_indel5.0_taxa16,rep0,CRAIC built-in (progressive),16,524,0.6513,0.1723,all-columns,0.7477,0.3302,0.6731,0.9329,0.6677,0.6984,6.7333,481,0.0,0.9231,6496,6244,6079,0.7692,0.8462,0.9731,52.85
sim,div0.25_indel5.0_taxa16,rep1,CRAIC built-in (progressive),16,566,0.7603,0.299,all-columns,0.7489,0.4505,0.7537,0.9636,0.7512,0.8741,6.1216,503,0.1538,0.9231,6806,6554,6329,1.0,1.0,0.9654,35.91
sim,div0.25_indel5.0_taxa16,rep2,CRAIC built-in (progressive),16,527,0.7348,0.2266,all-columns,0.7761,0.3871,0.7318,0.8967,0.7344,0.6238,5.1413,460,0.1538,0.6923,6375,6116,5749,1.0,0.8462,0.9654,42.16
sim,div0.25_indel5.0_taxa16,rep3,CRAIC built-in (progressive),16,527,0.8184,0.3607,all-columns,0.7491,0.5275,0.8146,0.9572,0.8167,0.8021,6.3337,414,0.0,0.8462,6481,5628,5135,0.9231,1.0,0.8846,66.09
sim,div0.25_indel5.0_taxa16,rep4,CRAIC built-in (progressive),16,511,0.6501,0.1603,all-columns,0.841,0.3229,0.6622,0.9752,0.6599,0.7355,6.5311,476,0.1538,0.7692,6121,5977,5814,0.9231,1.0,0.9539,44.79
sim,div0.25_indel5.0_taxa16,rep5,CRAIC built-in (progressive),16,480,0.8517,0.3984,all-columns,0.7951,0.5229,0.8151,0.9348,0.8122,0.9142,6.7814,337,0.1538,0.3846,6437,4771,4324,0.5385,0.6923,0.6539,55.24
sim,div0.25_indel5.0_taxa16,rep6,CRAIC built-in (progressive),16,519,0.8275,0.3719,all-columns,0.6896,0.5241,0.8034,0.9001,0.8008,0.8018,3.8935,432,0.1538,0.8462,6553,6019,5366,0.8462,0.9231,0.95,72.01
sim,div0.25_indel5.0_taxa16,rep7,CRAIC built-in (progressive),16,497,0.8726,0.4522,all-columns,0.7486,0.5573,0.8423,0.9549,0.842,0.8641,7.0605,323,0.0769,0.2308,6481,4586,4008,0.7692,0.9231,0.6615,39.4
sim,div0.25_indel5.0_taxa16,rep8,CRAIC built-in (progressive),16,510,0.8519,0.4046,all-columns,0.7523,0.549,0.8146,0.8856,0.8154,0.8647,4.1936,332,0.0769,0.1538,6511,4842,4465,0.2308,0.5385,0.4385,34.06
sim,div0.25_indel5.0_taxa16,rep9,CRAIC built-in (progressive),16,527,0.7576,0.2456,all-columns,0.8102,0.3833,0.7328,0.9404,0.7299,0.8348,5.9799,463,0.0,0.6923,6543,6039,5767,0.8462,0.9231,0.95,49.49
sim,div0.5_indel0.5_taxa8,rep0,CRAIC built-in (progressive),8,421,0.931,0.811,all-columns,0.8466,0.8575,0.9361,0.9476,0.936,0.9337,8.2718,15,0.0,0.0,3206,128,312,0.0,0.0,0.0,7.96
sim,div0.5_indel0.5_taxa8,rep1,CRAIC built-in (progressive),8,406,0.9735,0.8995,all-columns,0.7734,0.9236,0.9686,0.9686,,,,0,0.0,0.0,3201,10,45,0.0,0.0,0.0,8.13
sim,div0.5_indel0.5_taxa8,rep2,CRAIC built-in (progressive),8,412,0.8979,0.6904,all-columns,0.7728,0.7549,0.9072,0.9221,0.9073,0.9068,6.0344,32,0.2,0.2,3170,269,483,0.0,0.2,0.18,8.33
sim,div0.5_indel0.5_taxa8,rep3,CRAIC built-in (progressive),8,406,0.9737,0.9136,all-columns,0.9018,0.931,0.9762,0.9762,,,,0,0.2,0.2,3203,14,87,0.2,0.0,0.08,8.87
sim,div0.5_indel0.5_taxa8,rep4,CRAIC built-in (progressive),8,420,0.8653,0.6553,all-columns,0.8895,0.7286,0.8796,0.9429,0.8799,0.8791,11.2611,107,0.0,0.0,3186,856,807,0.0,0.0,0.03,8.45
sim,div0.5_indel0.5_taxa8,rep5,CRAIC built-in (progressive),8,402,0.9673,0.8494,all-columns,0.954,0.9005,0.9633,0.9633,,,,0,0.2,0.2,3154,16,101,0.2,0.2,0.2,6.48
sim,div0.5_indel0.5_taxa8,rep6,CRAIC built-in (progressive),8,403,0.9418,0.8317,all-columns,0.8843,0.8462,0.9414,0.9512,0.9414,0.943,10.1776,6,0.2,0.2,3163,62,216,0.2,0.2,0.2,7.36
sim,div0.5_indel0.5_taxa8,rep7,CRAIC built-in (progressive),8,405,0.9881,0.9333,all-columns,0.9102,0.9481,0.9866,0.9866,,,,0,0.0,0.0,3206,22,23,0.0,0.0,0.0,7.22
sim,div0.5_indel0.5_taxa8,rep8,CRAIC built-in (progressive),8,411,0.9503,0.828,all-columns,0.8994,0.8637,0.9461,0.9595,0.9462,0.9462,10.3197,12,0.0,0.0,3173,98,187,0.0,0.0,0.0,7.16
sim,div0.5_indel0.5_taxa8,rep9,CRAIC built-in (progressive),8,402,0.9578,0.875,all-columns,0.9544,0.903,0.9609,0.9717,0.9609,0.9614,12.1506,8,0.2,0.2,3182,70,99,0.2,0.2,0.2,7.8
sim,div0.5_indel0.5_taxa16,rep0,CRAIC built-in (progressive),16,433,0.7787,0.3986,all-columns,0.8487,0.4942,0.7885,0.9789,0.7903,0.8855,8.6286,337,0.0769,0.1538,6396,5146,4814,0.4615,0.5385,0.6577,65.09
sim,div0.5_indel0.5_taxa16,rep1,CRAIC built-in (progressive),16,456,0.8644,0.5669,all-columns,0.904,0.6491,0.8747,0.9754,0.8759,0.902,8.7961,281,0.2308,0.1538,6555,4306,3821,0.2308,0.3846,0.3615,57.88
sim,div0.5_indel0.5_taxa16,rep2,CRAIC built-in (progressive),16,438,0.8408,0.4481,all-columns,0.7337,0.5365,0.8565,0.9698,0.8568,0.8711,5.2069,369,0.0769,0.7692,6410,5676,5244,0.8462,0.9231,0.9,45.92
sim,div0.5_indel0.5_taxa16,rep3,CRAIC built-in (progressive),16,416,0.9312,0.7039,all-columns,0.8819,0.7644,0.9326,0.9804,0.9325,0.9342,13.1264,83,0.1538,0.1538,6349,1312,1460,0.3077,0.3077,0.2231,48.17
sim,div0.5_indel0.5_taxa16,rep4,CRAIC built-in (progressive),16,439,0.7355,0.3254,all-columns,0.8782,0.4009,0.7522,0.966,0.7497,0.746,7.0255,378,0.3846,0.6923,6352,5698,5293,0.7692,0.9231,0.9269,52.46
sim,div0.5_indel0.5_taxa16,rep5,CRAIC built-in (progressive),16,413,0.9117,0.6381,all-columns,0.8591,0.6852,0.9111,0.9508,0.9113,0.916,12.0928,55,0.2308,0.3077,6396,910,1328,0.3077,0.2308,0.2308,66.97
sim,div0.5_indel0.5_taxa16,rep6,CRAIC built-in (progressive),16,433,0.8432,0.4942,all-columns,0.7967,0.5681,0.8456,0.9538,0.8471,0.8098,8.7196,239,0.2308,0.3077,6408,3666,3510,0.1538,0.3077,0.3077,55.15
sim,div0.5_indel0.5_taxa16,rep7,CRAIC built-in (progressive),16,428,0.9426,0.6667,all-columns,0.8655,0.743,0.9428,0.9605,0.9429,0.9477,7.3729,64,0.0769,0.0769,6426,998,1327,0.2308,0.0769,0.1038,49.15
sim,div0.5_indel0.5_taxa16,rep8,CRAIC built-in (progressive),16,427,0.8572,0.4976,all-columns,0.8106,0.5878,0.8706,0.9696,0.8705,0.8753,9.9403,229,0.2308,0.1538,6313,3555,3284,0.3077,0.3846,0.3423,53.93
sim,div0.5_indel0.5_taxa16,rep9,CRAIC built-in (progressive),16,417,0.8064,0.3284,all-columns,0.8459,0.4053,0.819,0.9661,0.8196,0.8334,8.0938,314,0.0769,0.3077,6299,4817,4370,0.3077,0.4615,0.6615,29.52
sim,div0.5_indel2.0_taxa8,rep0,CRAIC built-in (progressive),8,476,0.68,0.2814,all-columns,0.8437,0.3866,0.6975,0.9197,0.6983,0.6704,10.3646,358,0.0,0.0,3299,2619,2353,0.6,0.6,0.42,10.0
sim,div0.5_indel2.0_taxa8,rep1,CRAIC built-in (progressive),8,444,0.8202,0.5517,all-columns,0.8656,0.6689,0.8242,0.9664,0.8261,0.7971,10.7119,227,0.0,0.0,3229,1754,1558,0.0,0.0,0.06,8.93
sim,div0.5_indel2.0_taxa8,rep2,CRAIC built-in (progressive),8,433,0.712,0.3169,all-columns,0.8615,0.3995,0.7026,0.8993,0.7025,0.7072,8.7095,307,0.2,0.2,3132,2297,2010,0.2,0.4,0.6,7.54
sim,div0.5_indel2.0_taxa8,rep3,CRAIC built-in (progressive),8,435,0.9226,0.7651,all-columns,0.8166,0.8138,0.9221,0.9592,0.922,0.9261,10.1219,76,0.0,0.0,3265,639,732,0.0,0.0,0.02,6.71
sim,div0.5_indel2.0_taxa8,rep4,CRAIC built-in (progressive),8,476,0.6312,0.2637,all-columns,0.8484,0.4013,0.6495,0.9358,0.6496,0.6721,8.3506,410,0.0,1.0,3263,2990,2683,0.8,1.0,0.85,8.73
sim,div0.5_indel2.0_taxa8,rep5,CRAIC built-in (progressive),8,434,0.8258,0.4988,all-columns,0.7795,0.5968,0.8107,0.9159,0.8123,0.8577,8.4219,197,0.0,0.0,3162,1485,1390,0.0,0.0,0.26,6.52
sim,div0.5_indel2.0_taxa8,rep6,CRAIC built-in (progressive),8,443,0.8643,0.5582,all-columns,0.8664,0.6682,0.8568,0.9025,0.8566,0.8551,9.5237,83,0.2,0.2,3338,695,743,0.2,0.2,0.22,9.07
sim,div0.5_indel2.0_taxa8,rep7,CRAIC built-in (progressive),8,454,0.7315,0.4037,all-columns,0.8495,0.5463,0.7686,0.9327,0.7703,0.7849,10.9067,274,0.2,0.2,3196,2068,1873,0.0,0.2,0.51,7.23
sim,div0.5_indel2.0_taxa8,rep8,CRAIC built-in (progressive),8,475,0.8381,0.5681,all-columns,0.7999,0.6716,0.8343,0.9153,0.8348,0.8629,9.4247,175,0.0,0.0,3371,1360,1295,0.0,0.0,0.08,7.43
sim,div0.5_indel2.0_taxa8,rep9,CRAIC built-in (progressive),8,460,0.7393,0.3792,all-columns,0.8528,0.4717,0.7441,0.9588,0.7422,0.7433,9.6086,337,0.4,0.6,3306,2531,2296,0.8,1.0,0.78,5.61
sim,div0.5_indel2.0_taxa16,rep0,CRAIC built-in (progressive),16,509,0.5322,0.0897,all-columns,0.8001,0.2161,0.5814,0.9756,0.5754,0.4768,7.9056,481,0.1538,0.8462,6525,6398,6264,0.9231,0.8462,0.9462,36.45
sim,div0.5_indel2.0_taxa16,rep1,CRAIC built-in (progressive),16,507,0.6452,0.1838,all-columns,0.8586,0.2978,0.6406,0.9938,0.6481,0.7317,5.0963,487,0.2308,0.6154,6379,6252,6156,0.7692,0.9231,0.9846,56.5
sim,div0.5_indel2.0_taxa16,rep2,CRAIC built-in (progressive),16,482,0.6488,0.0939,all-columns,0.7418,0.2241,0.6322,0.9288,0.6295,0.4167,3.7053,469,0.1538,,6356,6284,6162,0.8462,1.0,0.9962,45.39
sim,div0.5_indel2.0_taxa16,rep3,CRAIC built-in (progressive),16,479,0.736,0.2355,all-columns,0.7803,0.3674,0.7501,1.0,0.7489,0.6551,4.9761,453,0.0769,0.9231,6423,6305,6179,0.8462,0.9231,0.9654,45.33
sim,div0.5_indel2.0_taxa16,rep4,CRAIC built-in (progressive),16,484,0.5463,0.1006,all-columns,0.8746,0.219,0.5787,0.9091,0.5792,0.7386,3.7353,473,0.2308,,6270,6200,6080,0.7692,1.0,0.9731,37.07
sim,div0.5_indel2.0_taxa16,rep5,CRAIC built-in (progressive),16,462,0.7139,0.2412,all-columns,0.8373,0.3723,0.7148,0.8946,0.7129,0.7484,5.0381,411,0.3077,0.6923,6111,5672,5443,0.6923,0.6154,0.9577,47.03
sim,div0.5_indel2.0_taxa16,rep6,CRAIC built-in (progressive),16,551,0.5789,0.0961,all-columns,0.8616,0.2668,0.6319,0.9865,0.6305,0.4976,6.1296,527,0.2308,0.9231,6335,6245,6166,1.0,0.9231,0.9654,62.45
sim,div0.5_indel2.0_taxa16,rep7,CRAIC built-in (progressive),16,493,0.7513,0.2762,all-columns,0.8433,0.3935,0.7447,0.9425,0.7437,0.8608,5.8961,436,0.0769,0.8462,6521,6137,5805,1.0,1.0,0.9692,46.25
sim,div0.5_indel2.0_taxa16,rep8,CRAIC built-in (progressive),16,502,0.6512,0.2238,all-columns,0.8332,0.3566,0.6651,0.9965,0.6664,0.6681,7.1992,466,0.0769,0.9231,6108,5904,5758,1.0,1.0,0.9539,30.98
sim,div0.5_indel2.0_taxa16,rep9,CRAIC built-in (progressive),16,476,0.6314,0.1364,all-columns,0.8043,0.229,0.6241,1.0,0.6359,1.0,1.7796,474,0.0769,,6253,6221,6098,0.9231,1.0,1.0,33.0
sim,div0.5_indel5.0_taxa8,rep0,CRAIC built-in (progressive),8,483,0.486,0.1022,all-columns,0.8146,0.207,0.4931,0.9392,0.4925,0.6897,7.7754,451,0.2,0.8,3094,3000,2819,0.8,1.0,0.87,4.86
sim,div0.5_indel5.0_taxa8,rep1,CRAIC built-in (progressive),8,512,0.4373,0.0862,all-columns,0.883,0.1914,0.4721,0.8649,0.4736,0.2887,11.0492,453,0.0,1.0,3270,3075,2873,1.0,1.0,0.88,7.5
sim,div0.5_indel5.0_taxa8,rep2,CRAIC built-in (progressive),8,480,0.5424,0.1317,all-columns,0.83,0.2313,0.515,0.85,0.5195,0.3161,4.6982,460,0.2,0.6,3234,3139,2934,0.8,1.0,0.92,8.11
sim,div0.5_indel5.0_taxa8,rep3,CRAIC built-in (progressive),8,479,0.7012,0.2968,all-columns,0.7344,0.4363,0.717,0.9029,0.7173,0.7143,7.4259,362,0.2,0.4,3334,2656,2334,1.0,1.0,0.66,8.04
sim,div0.5_indel5.0_taxa8,rep4,CRAIC built-in (progressive),8,509,0.4481,0.0771,all-columns,0.8102,0.1847,0.46,0.9688,0.4614,0.4107,6.5273,493,0.0,1.0,3241,3167,3016,1.0,1.0,0.92,7.4
sim,div0.5_indel5.0_taxa8,rep5,CRAIC built-in (progressive),8,531,0.5286,0.1366,all-columns,0.8624,0.2505,0.5242,0.9783,0.5232,0.6157,10.1114,485,0.2,0.8,3447,3201,3032,1.0,1.0,0.93,8.92
sim,div0.5_indel5.0_taxa8,rep6,CRAIC built-in (progressive),8,501,0.7387,0.3261,all-columns,0.793,0.479,0.7305,0.911,0.7295,0.7309,8.5045,355,0.0,0.0,3376,2624,2233,0.4,0.8,0.65,8.72
sim,div0.5_indel5.0_taxa8,rep7,CRAIC built-in (progressive),8,472,0.5827,0.2061,all-columns,0.8016,0.3326,0.597,0.8472,0.5979,0.7962,6.6141,414,0.0,0.4,3132,2833,2571,0.6,0.6,0.92,7.19
sim,div0.5_indel5.0_taxa8,rep8,CRAIC built-in (progressive),8,494,0.6353,0.2122,all-columns,0.8268,0.3603,0.6371,0.8919,0.6365,0.6289,8.3477,407,0.0,0.4,3213,2824,2521,0.6,0.8,0.85,9.47
sim,div0.5_indel5.0_taxa8,rep9,CRAIC built-in (progressive),8,516,0.4753,0.0801,all-columns,0.611,0.1705,0.4479,0.4745,0.4449,0.7449,0.2434,509,0.4,,3248,3216,3035,0.6,1.0,0.99,7.29
sim,div0.5_indel5.0_taxa16,rep0,CRAIC built-in (progressive),16,545,0.3154,0.0222,all-columns,0.8949,0.0991,0.3329,0.9469,0.3492,0.35,5.9923,537,0.1538,,6234,6190,5977,0.7692,0.9231,0.9423,34.59
sim,div0.5_indel5.0_taxa16,rep1,CRAIC built-in (progressive),16,572,0.3902,0.0313,all-columns,0.8576,0.1014,0.3927,0.9812,0.3983,0.2554,8.9159,552,0.4615,1.0,6443,6359,6204,1.0,1.0,0.9769,28.97
sim,div0.5_indel5.0_taxa16,rep2,CRAIC built-in (progressive),16,558,0.3141,0.0081,all-columns,0.9004,0.0627,0.3207,0.9,0.3272,0.9,4.7139,553,0.4615,,6638,6600,6417,0.7692,1.0,0.9962,65.96
sim,div0.5_indel5.0_taxa16,rep3,CRAIC built-in (progressive),16,561,0.4942,0.0731,all-columns,0.8373,0.1783,0.4631,1.0,0.4645,0.4056,4.9849,552,0.1538,,6429,6397,6242,0.9231,1.0,1.0,58.44
sim,div0.5_indel5.0_taxa16,rep4,CRAIC built-in (progressive),16,554,0.3154,0.0204,all-columns,0.8875,0.1101,0.3385,0.95,0.3487,0.4517,6.2806,544,0.3077,,6300,6222,6053,0.9231,1.0,0.9654,40.15
sim,div0.5_indel5.0_taxa16,rep5,CRAIC built-in (progressive),16,528,0.5024,0.0822,all-columns,0.8464,0.1913,0.5037,0.9313,0.511,0.5483,7.665,499,0.3846,0.8462,6000,5876,5692,0.8462,0.9231,0.9539,28.16
sim,div0.5_indel5.0_taxa16,rep6,CRAIC built-in (progressive),16,525,0.3849,0.0175,all-columns,0.8347,0.1029,0.3963,0.8969,0.391,0.5969,5.1935,517,0.1538,,5939,5895,5757,0.9231,1.0,0.9885,50.08
sim,div0.5_indel5.0_taxa16,rep7,CRAIC built-in (progressive),16,533,0.4852,0.0533,all-columns,0.8628,0.1313,0.4483,0.9461,0.446,0.8059,6.7075,516,0.3846,0.7692,6378,6273,6073,0.8462,1.0,0.9731,55.91
sim,div0.5_indel5.0_taxa16,rep8,CRAIC built-in (progressive),16,575,0.4563,0.0492,all-columns,0.8962,0.1704,0.479,0.9417,0.481,0.5159,7.2488,552,0.3846,0.9231,6365,6288,6115,0.8462,1.0,0.9731,34.69
sim,div0.5_indel5.0_taxa16,rep9,CRAIC built-in (progressive),16,531,0.3991,0.0107,all-columns,0.7762,0.0734,0.3576,0.775,0.3552,0.85,2.7931,527,0.3846,,6196,6173,5955,1.0,1.0,1.0,28.66
sim,div0.75_indel0.5_taxa8,rep0,CRAIC built-in (progressive),8,454,0.7169,0.3594,all-columns,0.8089,0.4626,0.7439,0.9198,0.7437,0.7259,9.0939,312,0.0,0.0,3282,2393,2116,0.0,0.2,0.31,9.57
sim,div0.75_indel0.5_taxa8,rep1,CRAIC built-in (progressive),8,423,0.8565,0.6326,all-columns,0.8869,0.7139,0.8683,0.9719,0.8678,0.8423,12.5426,146,0.0,0.0,3165,1154,1114,0.0,0.0,0.08,10.22
sim,div0.75_indel0.5_taxa8,rep2,CRAIC built-in (progressive),8,445,0.6731,0.3152,all-columns,0.8309,0.418,0.6966,0.9674,0.6964,0.7464,11.3521,347,0.4,0.4,3219,2560,2354,0.4,0.4,0.71,8.1
sim,div0.75_indel0.5_taxa8,rep3,CRAIC built-in (progressive),8,412,0.8365,0.5589,all-columns,0.8521,0.6383,0.8543,0.8962,0.8543,0.8553,9.9116,63,0.2,0.2,3129,480,667,0.2,0.2,0.19,7.35
sim,div0.75_indel0.5_taxa8,rep4,CRAIC built-in (progressive),8,453,0.6754,0.3626,all-columns,0.8663,0.4923,0.7229,0.9811,0.7205,0.6438,7.2776,379,0.0,0.4,3177,2776,2561,0.4,0.8,0.8,10.74
sim,div0.75_indel0.5_taxa8,rep5,CRAIC built-in (progressive),8,410,0.7834,0.5165,all-columns,0.8874,0.5732,0.8011,0.9632,0.8004,0.8005,11.2285,241,0.2,0.2,3145,1860,1709,0.0,0.0,0.31,6.55
sim,div0.75_indel0.5_taxa8,rep6,CRAIC built-in (progressive),8,432,0.8938,0.6901,all-columns,0.9139,0.7616,0.8989,0.9483,0.8992,0.9126,12.362,58,0.4,0.4,3231,465,583,0.4,0.4,0.33,8.86
sim,div0.75_indel0.5_taxa8,rep7,CRAIC built-in (progressive),8,418,0.8215,0.5659,all-columns,0.9211,0.634,0.8238,0.9609,0.8241,0.846,12.9656,171,0.0,0.0,3199,1338,1345,0.0,0.0,0.14,7.03
sim,div0.75_indel0.5_taxa8,rep8,CRAIC built-in (progressive),8,423,0.8493,0.5601,all-columns,0.8564,0.6714,0.8702,0.9553,0.8699,0.8632,12.8906,129,0.0,0.0,3209,1036,1048,0.2,0.0,0.12,13.75
sim,div0.75_indel0.5_taxa8,rep9,CRAIC built-in (progressive),8,432,0.6881,0.2909,all-columns,0.8208,0.3889,0.7151,0.9455,0.7147,0.6567,8.4808,342,0.4,0.4,3225,2582,2286,0.8,0.8,0.77,11.32
sim,div0.75_indel0.5_taxa16,rep0,CRAIC built-in (progressive),16,488,0.4296,0.0705,all-columns,0.8708,0.168,0.4923,0.9427,0.4892,0.8812,3.8767,480,0.2308,,6329,6272,6125,1.0,0.9231,0.9462,64.66
sim,div0.75_indel0.5_taxa16,rep1,CRAIC built-in (progressive),16,458,0.6761,0.2311,all-columns,0.7871,0.3275,0.6878,0.9608,0.684,0.6417,3.8583,441,0.1538,0.6154,6409,6274,6165,0.6923,0.7692,0.9769,71.28
sim,div0.75_indel0.5_taxa16,rep2,CRAIC built-in (progressive),16,505,0.5726,0.1494,all-columns,0.818,0.2871,0.6256,1.0,0.6231,0.9368,5.5557,488,0.2308,0.8462,6490,6386,6260,0.7692,1.0,0.9731,60.86
sim,div0.75_indel0.5_taxa16,rep3,CRAIC built-in (progressive),16,476,0.6038,0.2014,all-columns,0.8538,0.3214,0.6392,0.9444,0.6417,0.6528,4.2103,458,0.1538,0.6923,6476,6370,6258,0.8462,1.0,0.9769,57.88
sim,div0.75_indel0.5_taxa16,rep4,CRAIC built-in (progressive),16,495,0.4772,0.1183,all-columns,0.8838,0.2,0.5175,1.0,0.5203,0.6729,4.4834,487,0.2308,,6418,6360,6218,1.0,1.0,0.9885,44.65
sim,div0.75_indel0.5_taxa16,rep5,CRAIC built-in (progressive),16,464,0.6963,0.1698,all-columns,0.7321,0.2672,0.7127,0.9608,0.7159,0.7382,4.195,447,0.3077,0.7692,6396,6237,6050,0.7692,0.8462,0.9846,83.97
sim,div0.75_indel0.5_taxa16,rep6,CRAIC built-in (progressive),16,488,0.5881,0.1405,all-columns,0.7816,0.248,0.6234,1.0,0.6165,0.6522,4.8567,473,0.2308,,6318,6237,6140,0.9231,1.0,0.9923,52.65
sim,div0.75_indel0.5_taxa16,rep7,CRAIC built-in (progressive),16,446,0.7524,0.2787,all-columns,0.8127,0.3834,0.7553,0.9612,0.759,0.9212,5.724,400,0.1538,0.6154,6458,5854,5619,0.7692,0.6154,0.9346,47.82
sim,div0.75_indel0.5_taxa16,rep8,CRAIC built-in (progressive),16,475,0.6307,0.1895,all-columns,0.8766,0.2989,0.6673,0.9413,0.6592,0.9778,4.4629,454,0.1538,0.6923,6485,6316,6165,0.6923,0.9231,0.9769,45.29
sim,div0.75_indel0.5_taxa16,rep9,CRAIC built-in (progressive),16,515,0.4467,0.0345,all-columns,0.8306,0.1282,0.4992,0.9741,0.496,0.587,4.588,506,0.6154,,6392,6345,6238,1.0,1.0,0.9962,51.99
sim,div0.75_indel2.0_taxa8,rep0,CRAIC built-in (progressive),8,488,0.5593,0.1237,all-columns,0.7674,0.25,0.585,0.7908,0.5907,0.4784,4.2621,455,0.0,1.0,3390,3259,3049,1.0,0.8,0.9,13.2
sim,div0.75_indel2.0_taxa8,rep1,CRAIC built-in (progressive),8,461,0.6069,0.2171,all-columns,0.8065,0.3471,0.6271,0.9326,0.631,0.7531,7.1343,415,0.0,0.8,3114,2932,2696,1.0,0.8,0.91,12.84
sim,div0.75_indel2.0_taxa8,rep2,CRAIC built-in (progressive),8,458,0.602,0.1986,all-columns,0.8124,0.3035,0.6089,0.883,0.612,0.6165,5.8322,412,0.4,1.0,3179,2955,2767,1.0,1.0,0.93,11.59
sim,div0.75_indel2.0_taxa8,rep3,CRAIC built-in (progressive),8,458,0.7408,0.3932,all-columns,0.8198,0.4978,0.7417,0.9137,0.7449,0.7313,7.4776,336,0.2,0.2,3240,2494,2147,0.8,0.8,0.51,7.56
sim,div0.75_indel2.0_taxa8,rep4,CRAIC built-in (progressive),8,484,0.4287,0.1134,all-columns,0.7539,0.2583,0.4885,0.9464,0.4851,0.7179,4.4366,474,0.0,0.4,3142,3095,3000,0.6,1.0,0.94,7.94
sim,div0.75_indel2.0_taxa8,rep5,CRAIC built-in (progressive),8,449,0.6038,0.211,all-columns,0.7617,0.3051,0.6026,0.7189,0.5987,0.6085,1.837,423,0.4,0.8,3131,3032,2838,0.6,0.8,0.96,12.25
sim,div0.75_indel2.0_taxa8,rep6,CRAIC built-in (progressive),8,449,0.7386,0.3739,all-columns,0.8292,0.4811,0.7486,0.9545,0.7482,0.7304,10.5097,309,0.2,0.2,3168,2315,2004,0.2,0.2,0.48,11.73
sim,div0.75_indel2.0_taxa8,rep7,CRAIC built-in (progressive),8,453,0.5365,0.1476,all-columns,0.869,0.3135,0.5734,0.8958,0.5746,0.8058,7.2824,405,0.6,1.0,3030,2804,2626,1.0,1.0,0.86,10.03
sim,div0.75_indel2.0_taxa8,rep8,CRAIC built-in (progressive),8,474,0.5863,0.1554,all-columns,0.8013,0.2975,0.6133,0.9508,0.6137,0.767,10.1454,409,0.0,0.6,3218,2938,2754,0.8,1.0,0.81,12.04
sim,div0.75_indel2.0_taxa8,rep9,CRAIC built-in (progressive),8,458,0.4877,0.1176,all-columns,0.8159,0.1921,0.4836,0.8889,0.492,0.6984,3.793,449,0.4,1.0,3173,3137,3016,1.0,1.0,0.99,11.99
sim,div0.75_indel2.0_taxa16,rep0,CRAIC built-in (progressive),16,546,0.2616,0.0117,all-columns,0.9197,0.0788,0.2925,0.9714,0.2941,0.6542,10.8019,530,0.4615,0.8462,6540,6461,6308,1.0,0.9231,0.95,80.96
sim,div0.75_indel2.0_taxa16,rep1,CRAIC built-in (progressive),16,519,0.4408,0.0514,all-columns,0.8601,0.1329,0.4613,0.9926,0.4631,0.2877,7.4467,502,0.1538,0.8462,6163,6101,5960,0.9231,1.0,0.9885,63.76
sim,div0.75_indel2.0_taxa16,rep2,CRAIC built-in (progressive),16,592,0.3145,0.0135,all-columns,0.8925,0.0878,0.3452,1.0,0.3466,0.3095,5.5811,585,0.4615,,6771,6743,6528,1.0,1.0,1.0,70.25
sim,div0.75_indel2.0_taxa16,rep3,CRAIC built-in (progressive),16,509,0.3639,0.0238,all-columns,0.8959,0.1041,0.4012,1.0,0.3984,0.3583,8.3937,492,0.3846,0.8462,6040,5978,5822,0.9231,1.0,0.9846,70.48
sim,div0.75_indel2.0_taxa16,rep4,CRAIC built-in (progressive),16,575,0.2417,0.0176,all-columns,0.9395,0.1009,0.2899,0.9222,0.2745,0.6722,4.0274,572,0.4615,,6687,6639,6498,0.9231,1.0,0.9923,95.48
sim,div0.75_indel2.0_taxa16,rep5,CRAIC built-in (progressive),16,525,0.4826,0.0596,all-columns,0.8025,0.1543,0.4905,0.9257,0.499,0.5903,4.8283,513,0.4615,,6224,6151,5933,1.0,0.9231,0.9423,55.22
sim,div0.75_indel2.0_taxa16,rep6,CRAIC built-in (progressive),16,530,0.4283,0.0483,all-columns,0.819,0.1566,0.468,1.0,0.4678,0.5266,6.9398,514,0.3077,1.0,6407,6347,6207,1.0,1.0,0.9923,51.41
sim,div0.75_indel2.0_taxa16,rep7,CRAIC built-in (progressive),16,509,0.4737,0.0356,all-columns,0.8074,0.11,0.4719,1.0,0.4791,0.8787,5.9101,500,0.2308,,6398,6348,6170,1.0,1.0,0.9885,54.3
sim,div0.75_indel2.0_taxa16,rep8,CRAIC built-in (progressive),16,514,0.3739,0.0278,all-columns,0.8811,0.1206,0.4277,0.9618,0.4309,0.5701,6.559,502,0.2308,,6180,6127,6026,1.0,1.0,0.9962,32.38
sim,div0.75_indel2.0_taxa16,rep9,CRAIC built-in (progressive),16,561,0.3074,0.0131,all-columns,0.8793,0.0731,0.3086,0.8525,0.3021,0.8075,6.5706,551,0.3077,,6321,6259,6112,0.9231,1.0,0.9962,56.52
sim,div0.75_indel5.0_taxa8,rep0,CRAIC built-in (progressive),8,480,0.3456,0.0433,all-columns,0.8881,0.1167,0.355,0.9744,0.3551,0.3956,10.9692,454,0.0,1.0,3181,3119,2912,0.8,1.0,0.94,7.99
sim,div0.75_indel5.0_taxa8,rep1,CRAIC built-in (progressive),8,538,0.3589,0.0323,all-columns,0.8342,0.1766,0.4106,0.9597,0.4118,0.3134,9.3764,507,0.0,0.6,3245,3160,3032,0.8,1.0,0.92,7.18
sim,div0.75_indel5.0_taxa8,rep2,CRAIC built-in (progressive),8,520,0.2961,0.0172,all-columns,0.8955,0.0904,0.3003,0.9844,0.2938,0.3795,9.5899,504,0.6,0.8,3131,3080,2933,0.8,1.0,0.95,5.76
sim,div0.75_indel5.0_taxa8,rep3,CRAIC built-in (progressive),8,519,0.5619,0.169,all-columns,0.8056,0.3198,0.5739,0.9657,0.5815,0.6838,6.4117,485,0.2,0.4,3194,3089,2942,0.6,1.0,0.86,7.19
sim,div0.75_indel5.0_taxa8,rep4,CRAIC built-in (progressive),8,563,0.208,0.0259,all-columns,0.8013,0.1066,0.238,0.6071,0.2359,0.1944,3.6898,554,0.4,0.6,3128,3104,2910,0.6,1.0,0.99,7.99
sim,div0.75_indel5.0_taxa8,rep5,CRAIC built-in (progressive),8,513,0.4187,0.0788,all-columns,0.8454,0.1676,0.4086,1.0,0.4071,0.2798,6.3063,501,0.2,1.0,3236,3197,3059,1.0,1.0,1.0,8.42
sim,div0.75_indel5.0_taxa8,rep6,CRAIC built-in (progressive),8,540,0.55,0.1534,all-columns,0.8281,0.2796,0.5328,0.9417,0.5375,0.4446,9.3144,480,0.2,0.8,3364,3163,2929,1.0,0.8,0.89,9.49
sim,div0.75_indel5.0_taxa8,rep7,CRAIC built-in (progressive),8,494,0.3578,0.0642,all-columns,0.801,0.1275,0.3517,0.8077,0.3563,0.9808,5.3906,481,0.2,0.6,3091,3032,2835,0.6,1.0,0.93,5.82
sim,div0.75_indel5.0_taxa8,rep8,CRAIC built-in (progressive),8,518,0.4554,0.1002,all-columns,0.8609,0.2529,0.4776,0.9343,0.4734,0.5455,7.2666,485,0.0,0.8,3211,3082,2949,1.0,0.8,0.86,6.52
sim,div0.75_indel5.0_taxa8,rep9,CRAIC built-in (progressive),8,531,0.2545,0.0127,all-columns,0.7814,0.0452,0.2379,0.8571,0.2403,0.4702,5.6891,525,0.8,,3347,3317,3139,1.0,1.0,0.99,8.5
sim,div0.75_indel5.0_taxa16,rep0,CRAIC built-in (progressive),16,592,0.1551,0.0079,all-columns,0.909,0.0659,0.1756,0.9155,0.1713,0.3429,7.8446,585,0.3077,,6394,6366,6116,0.9231,0.9231,0.9193,40.07
sim,div0.75_indel5.0_taxa16,rep1,CRAIC built-in (progressive),16,614,0.1276,0.0051,all-columns,0.9464,0.0863,0.1756,1.0,0.1753,0.4131,8.1356,607,0.3846,,6429,6387,6179,0.9231,1.0,1.0,57.08
sim,div0.75_indel5.0_taxa16,rep2,CRAIC built-in (progressive),16,597,0.1781,0.0028,all-columns,0.9337,0.0503,0.1841,0.8857,0.1861,0.6857,8.053,590,0.4615,,6563,6521,6302,0.8462,1.0,0.9962,56.46
sim,div0.75_indel5.0_taxa16,rep3,CRAIC built-in (progressive),16,578,0.1798,0.0042,all-columns,0.9291,0.0882,0.2206,0.9808,0.2214,0.1821,10.6852,565,0.5385,,6274,6220,6039,0.7692,1.0,0.9769,34.6
sim,div0.75_indel5.0_taxa16,rep4,CRAIC built-in (progressive),16,620,0.1636,0.0037,all-columns,0.923,0.0323,0.1522,0.4208,0.1507,0.4667,1.8747,618,0.5385,,6752,6720,6465,0.9231,1.0,1.0,34.75
sim,div0.75_indel5.0_taxa16,rep5,CRAIC built-in (progressive),16,581,0.3129,0.0179,all-columns,0.882,0.0568,0.2925,0.8844,0.3005,0.7,6.9908,573,0.6154,,6694,6636,6429,1.0,0.9231,0.9577,29.18
sim,div0.75_indel5.0_taxa16,rep6,CRAIC built-in (progressive),16,569,0.2268,0.0029,all-columns,0.8864,0.0949,0.2573,0.9844,0.2616,0.6469,7.3061,561,0.5385,,6340,6294,6125,0.9231,1.0,0.9962,57.12
sim,div0.75_indel5.0_taxa16,rep7,CRAIC built-in (progressive),16,602,0.2995,0.0141,all-columns,0.8549,0.0797,0.3136,0.9517,0.311,0.4917,7.7476,592,0.3846,,6738,6690,6455,1.0,1.0,1.0,46.63
sim,div0.75_indel5.0_taxa16,rep8,CRAIC built-in (progressive),16,589,0.2205,0.0172,all-columns,0.8713,0.0832,0.2543,0.8924,0.2564,0.4121,7.8747,578,0.4615,,6480,6443,6277,0.9231,1.0,1.0,67.39
sim,div0.75_indel5.0_taxa16,rep9,CRAIC built-in (progressive),16,622,0.1421,0.0014,all-columns,0.8595,0.045,0.1458,0.9375,0.1524,0.2417,5.5091,620,0.8462,,6626,6608,6352,0.9231,1.0,1.0,54.19
sim,div1.0_indel0.5_taxa8,rep0,CRAIC built-in (progressive),8,451,0.4496,0.0944,all-columns,0.817,0.2328,0.531,0.92,0.5277,0.5386,6.7205,426,0.0,1.0,3100,3011,2870,1.0,1.0,0.92,6.5
sim,div1.0_indel0.5_taxa8,rep1,CRAIC built-in (progressive),8,427,0.7312,0.3741,all-columns,0.8508,0.4637,0.7496,0.9544,0.7476,0.7121,8.2348,331,0.2,0.4,3142,2511,2171,0.6,1.0,0.6,8.01
sim,div1.0_indel0.5_taxa8,rep2,CRAIC built-in (progressive),8,495,0.3642,0.0347,all-columns,0.8852,0.1354,0.4185,0.8971,0.4241,0.5462,5.7271,478,0.4,1.0,3150,3090,2963,0.6,1.0,0.96,7.1
sim,div1.0_indel0.5_taxa8,rep3,CRAIC built-in (progressive),8,423,0.7774,0.4675,all-columns,0.892,0.5508,0.799,0.9596,0.7982,0.7555,11.0541,253,0.2,0.4,3132,1927,1756,0.4,0.4,0.28,6.58
sim,div1.0_indel0.5_taxa8,rep4,CRAIC built-in (progressive),8,513,0.399,0.1131,all-columns,0.8978,0.2242,0.4755,1.0,0.4729,0.375,5.4409,501,0.4,1.0,3277,3210,3115,1.0,1.0,0.94,8.36
sim,div1.0_indel0.5_taxa8,rep5,CRAIC built-in (progressive),8,437,0.7134,0.399,all-columns,0.8916,0.492,0.7392,0.9683,0.7374,0.7782,11.5905,295,0.2,0.2,3216,2209,2102,0.4,0.6,0.61,7.87
sim,div1.0_indel0.5_taxa8,rep6,CRAIC built-in (progressive),8,435,0.709,0.3919,all-columns,0.8298,0.4874,0.7405,0.9229,0.7408,0.7068,8.7295,301,0.4,0.4,3233,2330,2038,0.8,0.6,0.59,8.02
sim,div1.0_indel0.5_taxa8,rep7,CRAIC built-in (progressive),8,441,0.646,0.2584,all-columns,0.8943,0.3741,0.6828,0.9422,0.6833,0.6466,8.2987,356,0.2,0.6,3213,2701,2545,0.2,0.4,0.77,7.27
sim,div1.0_indel0.5_taxa8,rep8,CRAIC built-in (progressive),8,445,0.7213,0.3662,all-columns,0.7935,0.4584,0.74,0.9188,0.7423,0.7975,5.6777,363,0.2,0.2,3234,2677,2425,0.6,0.4,0.72,7.53
sim,div1.0_indel0.5_taxa8,rep9,CRAIC built-in (progressive),8,478,0.377,0.0617,all-columns,0.859,0.1381,0.422,1.0,0.4155,1.0,2.4904,476,0.4,,3194,3178,3064,1.0,1.0,1.0,7.6
sim,div1.0_indel0.5_taxa16,rep0,CRAIC built-in (progressive),16,522,0.3132,0.0358,all-columns,0.8578,0.1245,0.3733,0.9938,0.3747,0.4479,10.4459,502,0.3846,0.8462,6370,6294,6140,0.8462,0.9231,0.95,67.85
sim,div1.0_indel0.5_taxa16,rep1,CRAIC built-in (progressive),16,529,0.4757,0.0513,all-columns,0.8588,0.1418,0.4991,1.0,0.4943,0.5302,4.297,521,0.1538,,6538,6466,6335,0.6923,1.0,0.9885,34.09
sim,div1.0_indel0.5_taxa16,rep2,CRAIC built-in (progressive),16,500,0.3823,0.0297,all-columns,0.9178,0.112,0.427,1.0,0.4236,0.9375,3.9635,496,0.2308,,6326,6290,6161,1.0,1.0,1.0,57.52
sim,div1.0_indel0.5_taxa16,rep3,CRAIC built-in (progressive),16,482,0.5387,0.0622,all-columns,0.8193,0.1888,0.5913,0.8333,0.5995,0.3454,2.5471,473,0.3846,,6222,6176,6083,0.8462,1.0,0.9962,60.27
sim,div1.0_indel0.5_taxa16,rep4,CRAIC built-in (progressive),16,516,0.3877,0.0391,all-columns,0.8762,0.1298,0.4339,0.9688,0.4413,0.7177,4.8821,508,0.4615,,6411,6353,6220,1.0,1.0,0.9731,74.34
sim,div1.0_indel0.5_taxa16,rep5,CRAIC built-in (progressive),16,486,0.5598,0.0554,all-columns,0.8561,0.1214,0.563,0.8333,0.5691,1.0,2.4496,480,0.5385,,6437,6383,6263,1.0,0.9231,0.9385,57.86
sim,div1.0_indel0.5_taxa16,rep6,CRAIC built-in (progressive),16,486,0.5148,0.0805,all-columns,0.8251,0.1975,0.5459,0.9048,0.5385,0.806,3.053,479,0.3846,,6345,6301,6180,0.9231,1.0,0.9923,51.44
sim,div1.0_indel0.5_taxa16,rep7,CRAIC built-in (progressive),16,467,0.604,0.164,all-columns,0.8018,0.2463,0.617,0.7727,0.6244,0.4773,1.6088,456,0.1538,,6437,6362,6248,0.9231,1.0,0.9923,37.76
sim,div1.0_indel0.5_taxa16,rep8,CRAIC built-in (progressive),16,507,0.4238,0.0448,all-columns,0.8496,0.1598,0.4946,1.0,0.4916,0.7841,5.5313,496,0.3846,,6168,6118,6030,1.0,1.0,0.9885,37.7
sim,div1.0_indel0.5_taxa16,rep9,CRAIC built-in (progressive),16,519,0.3554,0.0612,all-columns,0.8842,0.1175,0.3823,1.0,0.3904,0.9375,3.823,515,0.4615,,6334,6298,6124,0.9231,1.0,1.0,53.95
sim,div1.0_indel2.0_taxa8,rep0,CRAIC built-in (progressive),8,504,0.3722,0.0236,all-columns,0.9174,0.1369,0.4258,0.9679,0.4241,0.4527,11.5721,461,0.6,0.4,3199,3080,2931,0.6,0.8,0.87,7.77
sim,div1.0_indel2.0_taxa8,rep1,CRAIC built-in (progressive),8,492,0.4572,0.1231,all-columns,0.7454,0.2602,0.5126,0.9409,0.5202,0.4852,6.6145,463,0.0,0.6,3192,3094,2989,0.4,1.0,0.87,7.37
sim,div1.0_indel2.0_taxa8,rep2,CRAIC built-in (progressive),8,505,0.2977,0.0274,all-columns,0.8563,0.101,0.3334,0.7342,0.3402,0.3929,4.7882,494,0.6,1.0,3282,3217,3107,1.0,1.0,0.95,5.82
sim,div1.0_indel2.0_taxa8,rep3,CRAIC built-in (progressive),8,443,0.6344,0.23,all-columns,0.7752,0.3363,0.6345,0.9245,0.6348,0.8102,5.4213,408,0.2,1.0,3115,2936,2659,1.0,1.0,0.92,8.74
sim,div1.0_indel2.0_taxa8,rep4,CRAIC built-in (progressive),8,519,0.2683,0.0301,all-columns,0.8085,0.0867,0.2723,1.0,0.2943,0.4286,2.3764,518,0.0,,3297,3289,3132,1.0,1.0,0.98,8.93
sim,div1.0_indel2.0_taxa8,rep5,CRAIC built-in (progressive),8,523,0.3834,0.0821,all-columns,0.7955,0.2046,0.4466,0.9524,0.4463,0.3357,6.4144,508,0.2,0.8,3223,3173,3074,0.6,1.0,0.96,7.6
sim,div1.0_indel2.0_taxa8,rep6,CRAIC built-in (progressive),8,455,0.5867,0.1859,all-columns,0.7458,0.2879,0.5901,0.9583,0.5913,0.494,6.0105,431,0.2,0.6,3139,3014,2791,0.6,1.0,0.91,6.55
sim,div1.0_indel2.0_taxa8,rep7,CRAIC built-in (progressive),8,479,0.4855,0.1638,all-columns,0.8,0.2526,0.4918,0.9685,0.4891,0.7983,5.9119,462,0.2,0.6,3210,3131,2991,0.8,1.0,0.89,7.11
sim,div1.0_indel2.0_taxa8,rep8,CRAIC built-in (progressive),8,450,0.5686,0.154,all-columns,0.8239,0.2756,0.5805,0.9214,0.5784,0.7684,7.0915,415,0.2,0.8,3130,2961,2757,0.8,0.8,0.84,8.04
sim,div1.0_indel2.0_taxa8,rep9,CRAIC built-in (progressive),8,501,0.294,0.0371,all-columns,0.8526,0.0958,0.3048,1.0,0.3076,0.9,5.6853,496,0.8,,3143,3127,2975,1.0,1.0,1.0,4.69
sim,div1.0_indel2.0_taxa16,rep0,CRAIC built-in (progressive),16,576,0.1771,0.0061,all-columns,0.8829,0.0851,0.2302,0.9904,0.2265,0.2551,10.2077,563,0.6923,,6464,6410,6264,0.8462,0.9231,0.9385,59.96
sim,div1.0_indel2.0_taxa16,rep1,CRAIC built-in (progressive),16,573,0.245,0.0172,all-columns,0.9116,0.0716,0.27,0.9886,0.2632,0.3432,9.6479,562,0.1538,,6420,6370,6196,0.9231,1.0,0.9962,52.3
sim,div1.0_indel2.0_taxa16,rep2,CRAIC built-in (progressive),16,572,0.2012,0.0078,all-columns,0.9477,0.0699,0.2445,0.9167,0.2513,0.5208,9.6414,560,0.2308,,6605,6553,6406,1.0,1.0,1.0,59.29
sim,div1.0_indel2.0_taxa16,rep3,CRAIC built-in (progressive),16,574,0.353,0.0163,all-columns,0.8734,0.101,0.3776,1.0,0.3646,0.43,5.1521,569,0.3077,,6569,6544,6364,1.0,1.0,0.9962,45.1
sim,div1.0_indel2.0_taxa16,rep4,CRAIC built-in (progressive),16,544,0.1302,0.0017,all-columns,0.8372,0.0221,0.1232,1.0,0.1482,0.4083,3.8932,543,0.8462,,6157,6141,5922,1.0,1.0,0.9962,52.61
sim,div1.0_indel2.0_taxa16,rep5,CRAIC built-in (progressive),16,511,0.3881,0.0151,all-columns,0.8988,0.0822,0.3925,0.9688,0.3918,0.875,4.7234,507,0.3077,,6392,6356,6185,0.7692,0.9231,0.9346,28.44
sim,div1.0_indel2.0_taxa16,rep6,CRAIC built-in (progressive),16,542,0.2899,0.0247,all-columns,0.935,0.072,0.3008,1.0,0.2988,1.0,5.0947,538,0.5385,,6501,6465,6321,0.9231,1.0,1.0,45.35
sim,div1.0_indel2.0_taxa16,rep7,CRAIC built-in (progressive),16,509,0.4122,0.0402,all-columns,0.8709,0.1218,0.4042,1.0,0.3962,0.9464,5.0562,502,0.2308,,6415,6359,6162,1.0,1.0,0.9923,60.05
sim,div1.0_indel2.0_taxa16,rep8,CRAIC built-in (progressive),16,597,0.2475,0.024,all-columns,0.9052,0.1106,0.3061,1.0,0.2976,0.6931,8.7951,585,0.3077,,6735,6697,6544,0.9231,1.0,0.9962,51.56
sim,div1.0_indel2.0_taxa16,rep9,CRAIC built-in (progressive),16,520,0.1954,0.0058,all-columns,0.8539,0.05,0.2102,0.2556,0.2172,0.9194,0.2962,517,0.4615,,6156,6136,5933,0.9231,1.0,1.0,57.81
sim,div1.0_indel5.0_taxa8,rep0,CRAIC built-in (progressive),8,514,0.2712,0.0192,all-columns,0.6871,0.0817,0.2568,0.8182,0.2605,0.2516,9.4757,492,0.4,0.8,3160,3105,2940,0.8,1.0,0.92,7.41
sim,div1.0_indel5.0_taxa8,rep1,CRAIC built-in (progressive),8,540,0.2341,0.0241,all-columns,0.7629,0.0981,0.2552,0.9082,0.2442,0.2245,6.3924,533,0.0,,3280,3260,3078,0.4,1.0,1.0,8.34
sim,div1.0_indel5.0_taxa8,rep2,CRAIC built-in (progressive),8,504,0.1584,0.0054,all-columns,0.7599,0.0357,0.1516,1.0,0.1487,0.3571,3.9445,503,0.6,,3255,3247,3040,0.8,1.0,1.0,7.7
sim,div1.0_indel5.0_taxa8,rep3,CRAIC built-in (progressive),8,479,0.3246,0.0276,all-columns,0.8617,0.0793,0.3043,1.0,0.3112,0.4286,5.865,474,0.4,,3099,3083,2928,0.8,1.0,1.0,7.48
sim,div1.0_indel5.0_taxa8,rep4,CRAIC built-in (progressive),8,502,0.1465,0.0035,all-columns,0.8808,0.0159,0.1136,1.0,0.1292,0.75,4.2679,501,0.8,,3100,3092,2893,1.0,1.0,1.0,7.65
sim,div1.0_indel5.0_taxa8,rep5,CRAIC built-in (progressive),8,522,0.2045,0.0058,all-columns,0.8319,0.0747,0.2084,0.0,0.177,0.3214,-0.7244,521,0.4,,3024,3022,2838,0.6,1.0,1.0,6.66
sim,div1.0_indel5.0_taxa8,rep6,CRAIC built-in (progressive),8,499,0.3462,0.0157,all-columns,0.8085,0.0741,0.3303,0.9236,0.3295,0.5089,8.1603,487,0.8,0.6,3214,3176,2997,1.0,1.0,0.99,7.8
sim,div1.0_indel5.0_taxa8,rep7,CRAIC built-in (progressive),8,527,0.2693,0.0236,all-columns,0.7988,0.0968,0.2647,1.0,0.2734,0.55,5.9239,522,0.6,,3212,3189,2987,0.8,1.0,1.0,7.11
sim,div1.0_indel5.0_taxa8,rep8,CRAIC built-in (progressive),8,508,0.3103,0.0288,all-columns,0.8697,0.1043,0.3044,0.7857,0.3076,0.2321,2.1257,506,0.4,,3197,3187,2999,1.0,0.8,0.8,8.36
sim,div1.0_indel5.0_taxa8,rep9,CRAIC built-in (progressive),8,506,0.1852,0.0061,all-columns,0.7663,0.0474,0.1614,1.0,0.1657,1.0,3.3828,505,0.8,,3104,3096,2903,1.0,1.0,1.0,6.0
sim,div1.0_indel5.0_taxa16,rep0,CRAIC built-in (progressive),16,600,0.1145,0.0111,all-columns,0.9551,0.0683,0.147,0.9873,0.1567,0.1454,16.9995,573,0.6923,1.0,6214,6132,5916,1.0,0.9231,0.9385,33.75
sim,div1.0_indel5.0_taxa16,rep1,CRAIC built-in (progressive),16,597,0.1253,0.0091,all-columns,0.9039,0.0385,0.1264,0.5458,0.1182,0.6667,3.7106,595,0.6923,,6811,6779,6550,1.0,1.0,0.9962,36.79
sim,div1.0_indel5.0_taxa16,rep2,CRAIC built-in (progressive),16,571,0.1195,0.0026,all-columns,0.9295,0.0298,0.1009,0.9375,0.0974,0.45,6.9861,569,0.6154,,6112,6094,5881,1.0,1.0,1.0,41.25
sim,div1.0_indel5.0_taxa16,rep3,CRAIC built-in (progressive),16,528,0.1198,0.0014,all-columns,0.9756,0.0417,0.1265,0.9597,0.1289,0.1847,9.4232,522,0.6154,,6054,6028,5799,1.0,1.0,0.9962,48.61
sim,div1.0_indel5.0_taxa16,rep4,CRAIC built-in (progressive),16,601,0.0939,0.0045,all-columns,0.7692,0.0166,0.0716,0.25,0.0651,0.3083,1.5582,600,0.6923,,6617,6601,6372,1.0,1.0,1.0,67.66
sim,div1.0_indel5.0_taxa16,rep5,CRAIC built-in (progressive),16,592,0.1671,0.0044,all-columns,0.9165,0.0439,0.1637,0.8133,0.1568,0.44,6.855,587,0.9231,,6686,6635,6395,1.0,0.9231,0.9346,53.96
sim,div1.0_indel5.0_taxa16,rep6,CRAIC built-in (progressive),16,576,0.1604,0.0051,all-columns,0.8253,0.0365,0.1476,0.7667,0.1208,0.325,3.9645,575,0.6923,,6229,6213,6003,1.0,1.0,1.0,56.05
sim,div1.0_indel5.0_taxa16,rep7,CRAIC built-in (progressive),16,551,0.2185,0.0041,all-columns,0.9098,0.0417,0.1897,0.8875,0.1865,0.6875,6.27,547,0.3846,,6381,6345,6152,1.0,1.0,0.9962,38.68
sim,div1.0_indel5.0_taxa16,rep8,CRAIC built-in (progressive),16,576,0.1722,0.0035,all-columns,0.8808,0.0347,0.152,0.9688,0.1463,0.675,8.6618,572,0.7692,,6645,6622,6357,1.0,1.0,1.0,46.11
sim,div1.0_indel5.0_taxa16,rep9,CRAIC built-in (progressive),16,553,0.0821,0.0,all-columns,0.89,0.0217,0.0723,0.675,0.072,0.7583,3.6783,552,0.8462,,5939,5923,5706,1.0,1.0,1.0,51.28
sim,div1.5_indel0.5_taxa8,rep0,CRAIC built-in (progressive),8,495,0.3274,0.0246,all-columns,0.7534,0.1091,0.3845,0.9111,0.3921,0.3595,7.5365,480,0.2,0.6,3264,3213,3078,0.8,1.0,0.88,9.01
sim,div1.5_indel0.5_taxa8,rep1,CRAIC built-in (progressive),8,505,0.3496,0.0604,all-columns,0.8834,0.1446,0.4067,0.9493,0.3966,0.4006,9.5967,482,0.0,0.6,3255,3178,3109,0.6,0.2,0.93,7.44
sim,div1.5_indel0.5_taxa8,rep2,CRAIC built-in (progressive),8,480,0.196,0.0169,all-columns,0.7814,0.0688,0.2385,0.6667,0.2513,1.0,3.9364,474,0.6,,3072,3048,2913,0.8,1.0,1.0,7.97
sim,div1.5_indel0.5_taxa8,rep3,CRAIC built-in (progressive),8,472,0.4952,0.1368,all-columns,0.8196,0.2352,0.5542,0.9583,0.5509,0.4933,5.6319,456,0.2,0.6,3226,3148,3035,0.8,1.0,0.94,8.16
sim,div1.5_indel0.5_taxa8,rep4,CRAIC built-in (progressive),8,494,0.2415,0.0458,all-columns,0.8636,0.1113,0.293,1.0,0.322,1.0,2.8581,492,0.4,,3163,3153,3003,1.0,1.0,1.0,7.32
sim,div1.5_indel0.5_taxa8,rep5,CRAIC built-in (progressive),8,514,0.3592,0.0469,all-columns,0.8185,0.1498,0.423,1.0,0.4167,1.0,3.1391,511,0.4,,3299,3275,3143,1.0,1.0,0.97,8.37
sim,div1.5_indel0.5_taxa8,rep6,CRAIC built-in (progressive),8,448,0.5366,0.1699,all-columns,0.7845,0.2545,0.5586,0.9295,0.5543,0.9231,4.3267,435,0.4,0.8,3190,3142,2942,0.8,1.0,0.96,7.08
sim,div1.5_indel0.5_taxa8,rep7,CRAIC built-in (progressive),8,495,0.4237,0.0903,all-columns,0.8064,0.1838,0.4546,0.9583,0.4564,0.7143,3.638,489,0.4,,3224,3198,3090,1.0,1.0,1.0,6.98
sim,div1.5_indel0.5_taxa8,rep8,CRAIC built-in (progressive),8,498,0.4308,0.0867,all-columns,0.7126,0.1727,0.4613,1.0,0.4793,0.9375,2.9436,494,0.2,,3281,3249,3119,1.0,0.8,0.8,7.42
sim,div1.5_indel0.5_taxa8,rep9,CRAIC built-in (progressive),8,488,0.2315,0.0123,all-columns,0.7146,0.0615,0.2679,1.0,0.229,1.0,3.1111,487,0.4,,3134,3126,2945,1.0,1.0,1.0,7.51
sim,div1.5_indel0.5_taxa16,rep0,CRAIC built-in (progressive),16,581,0.1941,0.02,all-columns,0.8624,0.0723,0.2367,0.6594,0.2355,0.6323,7.0284,565,0.3077,0.9231,6563,6492,6283,0.9231,0.9231,0.9539,55.29
sim,div1.5_indel0.5_taxa16,rep1,CRAIC built-in (progressive),16,548,0.1946,0.0173,all-columns,0.8653,0.0566,0.2274,1.0,0.2359,0.7583,7.3304,542,0.6923,,6445,6391,6220,0.9231,1.0,0.9962,53.99
sim,div1.5_indel0.5_taxa16,rep2,CRAIC built-in (progressive),16,541,0.296,0.0149,all-columns,0.9332,0.0998,0.36,0.8375,0.3696,1.0,2.3797,539,0.2308,,6424,6392,6275,0.8462,1.0,1.0,35.76
sim,div1.5_indel0.5_taxa16,rep3,CRAIC built-in (progressive),16,530,0.2204,0.0168,all-columns,0.959,0.0774,0.2739,0.8521,0.2652,1.0,4.8218,526,0.3077,,6451,6429,6272,1.0,1.0,0.9962,56.89
sim,div1.5_indel0.5_taxa16,rep4,CRAIC built-in (progressive),16,580,0.1754,0.0106,all-columns,0.8226,0.0862,0.2226,1.0,0.2405,1.0,2.5748,579,0.4615,,6424,6408,6205,1.0,1.0,1.0,54.84
sim,div1.5_indel0.5_taxa16,rep5,CRAIC built-in (progressive),16,562,0.2586,0.0042,all-columns,0.8241,0.0605,0.2874,0.8472,0.2961,0.9583,3.5351,559,0.8462,,6632,6598,6350,1.0,0.9231,0.9346,51.0
sim,div1.5_indel0.5_taxa16,rep6,CRAIC built-in (progressive),16,555,0.1701,0.0041,all-columns,0.891,0.0613,0.2081,1.0,0.2189,0.7063,5.5078,551,0.7692,,6336,6314,6073,0.9231,1.0,0.9962,48.03
sim,div1.5_indel0.5_taxa16,rep7,CRAIC built-in (progressive),16,481,0.4126,0.0304,all-columns,0.7277,0.0769,0.4281,0.7375,0.4281,0.875,1.4244,479,0.6154,,6319,6287,6119,0.9231,1.0,1.0,48.39
sim,div1.5_indel0.5_taxa16,rep8,CRAIC built-in (progressive),16,536,0.1892,0.0042,all-columns,0.9081,0.069,0.2531,1.0,0.2538,0.3298,7.9271,529,0.3846,,6537,6508,6338,0.9231,1.0,1.0,47.15
sim,div1.5_indel0.5_taxa16,rep9,CRAIC built-in (progressive),16,520,0.1869,0.0178,all-columns,0.9472,0.0365,0.1924,0.6667,0.1965,1.0,3.6198,517,0.8462,,6343,6309,6128,1.0,1.0,0.9962,52.88
sim,div1.5_indel2.0_taxa8,rep0,CRAIC built-in (progressive),8,502,0.1927,0.0185,all-columns,0.7691,0.0777,0.242,1.0,0.2461,0.381,4.9846,499,0.2,,3219,3207,2957,1.0,1.0,0.99,6.78
sim,div1.5_indel2.0_taxa8,rep1,CRAIC built-in (progressive),8,522,0.2353,0.0155,all-columns,0.8908,0.0766,0.2722,0.8958,0.2725,0.3095,8.4664,510,0.0,1.0,3298,3255,3145,1.0,1.0,0.97,8.15
sim,div1.5_indel2.0_taxa8,rep2,CRAIC built-in (progressive),8,492,0.1542,0.0064,all-columns,0.8216,0.0285,0.1486,0.75,0.1529,0.25,5.9483,488,0.8,,3035,3009,2851,0.8,1.0,0.98,7.74
sim,div1.5_indel2.0_taxa8,rep3,CRAIC built-in (progressive),8,504,0.3392,0.0377,all-columns,0.844,0.1012,0.3423,0.9143,0.3425,0.2714,6.5187,494,0.6,1.0,3239,3201,3105,1.0,1.0,0.96,4.96
sim,div1.5_indel2.0_taxa8,rep4,CRAIC built-in (progressive),8,556,0.0739,0.0,all-columns,0.8587,0.0126,0.075,0.4643,0.067,0.75,3.2371,555,0.4,,3179,3171,2992,0.8,1.0,1.0,7.41
sim,div1.5_indel2.0_taxa8,rep5,CRAIC built-in (progressive),8,525,0.2242,0.0256,all-columns,0.7451,0.1105,0.2773,1.0,0.2703,0.875,3.5338,523,0.6,,3188,3178,3026,0.8,1.0,1.0,8.66
sim,div1.5_indel2.0_taxa8,rep6,CRAIC built-in (progressive),8,491,0.3783,0.0242,all-columns,0.8569,0.1263,0.4038,0.9835,0.4043,0.5371,9.7069,465,0.6,0.8,3157,3085,2961,0.8,1.0,0.92,8.59
sim,div1.5_indel2.0_taxa8,rep7,CRAIC built-in (progressive),8,491,0.324,0.0582,all-columns,0.8421,0.1263,0.3423,1.0,0.3338,0.8929,4.4631,487,0.2,,3100,3080,2941,0.8,1.0,0.99,5.92
sim,div1.5_indel2.0_taxa8,rep8,CRAIC built-in (progressive),8,512,0.3047,0.0414,all-columns,0.786,0.1074,0.311,0.7143,0.319,0.5918,3.5645,505,0.4,,3232,3198,3096,0.8,0.8,0.89,5.65
sim,div1.5_indel2.0_taxa8,rep9,CRAIC built-in (progressive),8,509,0.1453,0.0023,all-columns,0.7647,0.0354,0.1521,0.875,0.1451,0.7679,5.2229,507,1.0,,3087,3071,2905,0.6,1.0,1.0,5.89
sim,div1.5_indel2.0_taxa16,rep0,CRAIC built-in (progressive),16,570,0.1115,0.003,all-columns,0.9421,0.0368,0.1275,0.9583,0.1316,0.7389,6.5052,567,0.6923,,6599,6579,6371,1.0,0.9231,0.9193,38.59
sim,div1.5_indel2.0_taxa16,rep1,CRAIC built-in (progressive),16,589,0.1159,0.006,all-columns,0.879,0.0458,0.1322,1.0,0.1356,0.4639,6.6632,586,0.6154,,6612,6578,6386,0.9231,1.0,0.9962,34.46
sim,div1.5_indel2.0_taxa16,rep2,CRAIC built-in (progressive),16,584,0.1,0.0015,all-columns,0.9681,0.0205,0.0882,1.0,0.1076,0.875,4.3789,583,0.7692,,6621,6605,6338,1.0,1.0,1.0,39.7
sim,div1.5_indel2.0_taxa16,rep3,CRAIC built-in (progressive),16,575,0.1016,0.0044,all-columns,0.9872,0.0348,0.1123,0.9821,0.1167,0.4321,11.5226,568,0.7692,,6213,6185,5957,0.9231,1.0,1.0,56.49
sim,div1.5_indel2.0_taxa16,rep4,CRAIC built-in (progressive),16,588,0.0892,0.0015,all-columns,0.9664,0.0051,0.0748,1.0,0.0711,0.4667,6.6867,587,0.9231,,6337,6321,6063,1.0,1.0,1.0,40.11
sim,div1.5_indel2.0_taxa16,rep5,CRAIC built-in (progressive),16,633,0.1709,0.0033,all-columns,0.758,0.0395,0.1758,1.0,0.1609,0.7667,3.7199,632,0.8462,,6825,6809,6559,1.0,0.9231,0.9269,34.5
sim,div1.5_indel2.0_taxa16,rep6,CRAIC built-in (progressive),16,567,0.1053,0.0,all-columns,0.9429,0.0265,0.1096,0.8208,0.1029,0.7667,5.9803,565,0.9231,,6235,6203,5981,0.9231,1.0,0.9962,62.16
sim,div1.5_indel2.0_taxa16,rep7,CRAIC built-in (progressive),16,525,0.1446,0.007,all-columns,0.9329,0.0476,0.1664,1.0,0.1731,0.3,3.5402,524,0.7692,,5987,5971,5794,0.8462,1.0,1.0,48.69
sim,div1.5_indel2.0_taxa16,rep8,CRAIC built-in (progressive),16,532,0.1744,0.0139,all-columns,0.9474,0.0602,0.1843,0.7778,0.1797,0.6148,7.4077,523,0.6154,,6051,6019,5858,1.0,1.0,0.9962,40.97
sim,div1.5_indel2.0_taxa16,rep9,CRAIC built-in (progressive),16,580,0.0843,0.0,all-columns,0.7864,0.0086,0.0725,0.875,0.0777,0.4667,5.5552,579,0.6923,,6472,6456,6182,1.0,1.0,1.0,34.0
sim,div1.5_indel5.0_taxa8,rep0,CRAIC built-in (progressive),8,510,0.1513,0.0031,all-columns,0.9878,0.0431,0.157,0.969,0.1553,0.081,14.7868,495,0.4,0.8,3108,3072,2863,0.8,1.0,0.99,7.45
sim,div1.5_indel5.0_taxa8,rep1,CRAIC built-in (progressive),8,517,0.1187,0.0124,all-columns,0.8673,0.0309,0.0994,1.0,0.0835,1.0,6.4559,516,0.6,,3064,3056,2837,0.8,1.0,1.0,6.05
sim,div1.5_indel5.0_taxa8,rep2,CRAIC built-in (progressive),8,570,0.0667,0.0017,all-columns,0.891,0.014,0.0641,0.25,0.0646,0.2381,2.1668,567,0.6,,3438,3426,3230,0.8,1.0,1.0,8.67
sim,div1.5_indel5.0_taxa8,rep3,CRAIC built-in (progressive),8,533,0.1775,0.0133,all-columns,0.9077,0.045,0.166,0.95,0.1631,0.3429,7.6329,528,0.4,,3120,3104,2906,1.0,1.0,1.0,7.58
sim,div1.5_indel5.0_taxa8,rep4,CRAIC built-in (progressive),8,542,0.0514,0.0,all-columns,0.9917,0.0037,0.0346,nan,,,,542,0.6,,3267,3267,3063,1.0,1.0,1.0,7.71
sim,div1.5_indel5.0_taxa8,rep5,CRAIC built-in (progressive),8,471,0.1323,0.0041,all-columns,0.7247,0.0276,0.1043,0.3214,0.1143,1.0,1.0278,470,1.0,,2769,2761,2580,1.0,1.0,1.0,6.1
sim,div1.5_indel5.0_taxa8,rep6,CRAIC built-in (progressive),8,585,0.2049,0.0157,all-columns,0.8609,0.065,0.2246,1.0,0.2262,0.3125,9.9227,577,0.8,1.0,3575,3547,3331,0.8,1.0,1.0,5.93
sim,div1.5_indel5.0_taxa8,rep7,CRAIC built-in (progressive),8,493,0.1166,0.0105,all-columns,0.9252,0.0304,0.1118,0.8929,0.1174,0.3929,8.4224,489,0.6,,2985,2971,2804,0.6,1.0,1.0,5.88
sim,div1.5_indel5.0_taxa8,rep8,CRAIC built-in (progressive),8,531,0.1874,0.0239,all-columns,0.8206,0.0659,0.1728,1.0,0.168,1.0,4.4484,529,0.4,,3334,3318,3157,0.8,0.8,0.79,6.3
sim,div1.5_indel5.0_taxa8,rep9,CRAIC built-in (progressive),8,462,0.0366,0.0043,all-columns,0.9427,0.0087,0.0295,1.0,0.0297,0.1786,9.0651,461,1.0,,2876,2868,2692,1.0,1.0,1.0,6.52
sim,div1.5_indel5.0_taxa16,rep0,CRAIC built-in (progressive),16,642,0.081,0.0062,all-columns,0.992,0.0343,0.0733,0.9655,0.0705,0.1786,13.5067,635,0.8462,,6786,6758,6516,1.0,0.9231,0.9231,45.0
sim,div1.5_indel5.0_taxa16,rep1,CRAIC built-in (progressive),16,568,0.0445,0.0011,all-columns,0.8763,0.007,0.0328,0.225,0.0334,0.4667,1.7734,567,0.9231,,6056,6040,5790,1.0,1.0,1.0,25.81
sim,div1.5_indel5.0_taxa16,rep2,CRAIC built-in (progressive),16,567,0.0919,0.0011,all-columns,0.9941,0.0053,0.0451,0.7583,0.0353,1.0,8.2309,566,0.7692,,6290,6274,6005,1.0,1.0,1.0,26.63
sim,div1.5_indel5.0_taxa16,rep3,CRAIC built-in (progressive),16,576,0.0736,0.0,all-columns,0.9832,0.0208,0.0624,0.8646,0.0596,0.3625,11.326,572,0.7692,,6401,6379,6192,1.0,1.0,1.0,14.94
sim,div1.5_indel5.0_taxa16,rep4,CRAIC built-in (progressive),16,608,0.0537,0.0019,all-columns,0.9529,0.0115,0.0316,1.0,0.0296,0.2167,11.4137,607,0.9231,,6713,6697,6442,0.9231,1.0,1.0,16.72
sim,div1.5_indel5.0_taxa16,rep5,CRAIC built-in (progressive),16,656,0.1039,0.0,all-columns,0.9499,0.0076,0.0678,0.825,0.0708,0.3646,11.392,652,0.8462,,6911,6875,6641,1.0,0.9231,0.9269,17.27
sim,div1.5_indel5.0_taxa16,rep6,CRAIC built-in (progressive),16,574,0.0652,0.0011,all-columns,0.9926,0.0087,0.041,0.6583,0.0435,0.325,4.6518,573,0.8462,,5946,5930,5659,1.0,1.0,1.0,12.35
sim,div1.5_indel5.0_taxa16,rep7,CRAIC built-in (progressive),16,642,0.0799,0.0,all-columns,0.8224,0.0171,0.0655,0.8938,0.0549,0.1604,14.4888,638,0.9231,,6883,6861,6610,1.0,1.0,1.0,17.05
sim,div1.5_indel5.0_taxa16,rep8,CRAIC built-in (progressive),16,600,0.1013,0.0059,all-columns,0.9287,0.0367,0.0945,0.9375,0.104,0.7333,5.8388,598,0.5385,,6427,6409,6197,1.0,1.0,1.0,14.61
sim,div1.5_indel5.0_taxa16,rep9,CRAIC built-in (progressive),16,579,0.0646,0.0,all-columns,0.9039,0.0052,0.041,0.4375,0.0389,0.4958,5.6036,577,0.9231,,6310,6292,6088,1.0,1.0,1.0,14.46
